user_id,Y,brands_visited,visits_n_beforeBiedronka,visits_n_beforeCarrefour,visits_n_beforeKaufland,visits_n_beforeLidl,visits_pct_beforeBiedronka,visits_pct_beforeCarrefour,visits_pct_beforeKaufland,visits_pct_beforeLidl,n_locationsBiedronka,n_locationsCarrefour,n_locationsKaufland,n_locationsLidl,n_locationsTesco
502308,Lidl,4.0,3,0,0,16,0.15,0.0,0.0,0.8,2.0,0.0,0.0,2.0,1.0
511288,Lidl,4.0,1,0,46,0,0.01818181818181818,0.0,0.8363636363636363,0.0,3.0,0.0,1.0,3.0,1.0
513284,Carrefour,2.0,0,10,0,0,0.0,0.8333333333333334,0.0,0.0,0.0,1.0,0.0,0.0,1.0
616687,Carrefour,4.0,0,2,2,0,0.0,0.3333333333333333,0.3333333333333333,0.0,0.0,1.0,1.0,1.0,1.0
632801,Carrefour,2.0,0,1,0,0,0.0,0.5,0.0,0.0,0.0,1.0,0.0,0.0,1.0
657650,Lidl,4.0,3,0,0,6,0.21428571428571427,0.0,0.0,0.42857142857142855,2.0,0.0,0.0,2.0,1.0
666057,Carrefour,5.0,5,1,4,2,0.3333333333333333,0.06666666666666668,0.26666666666666666,0.13333333333333333,1.0,1.0,1.0,1.0,1.0
676357,Carrefour,5.0,11,7,14,0,0.3142857142857143,0.2,0.4,0.0,1.0,1.0,1.0,0.0,1.0
678321,Lidl,2.0,0,0,0,0,0.0,0.0,0.0,0.0,0.0,0.0,0.0,1.0,1.0
710057,Biedronka,5.0,8,41,7,3,0.13559322033898305,0.6949152542372882,0.11864406779661014,0.05084745762711865,1.0,1.0,1.0,1.0,0.0
748819,Biedronka,4.0,0,0,0,6,0.0,0.0,0.0,0.6666666666666666,1.0,0.0,1.0,1.0,1.0
751726,Biedronka,4.0,28,4,0,0,0.8235294117647058,0.1176470588235294,0.0,0.0,3.0,1.0,0.0,1.0,1.0
817173,Carrefour,4.0,0,0,0,2,0.0,0.0,0.0,1.0,0.0,1.0,0.0,1.0,0.0
827969,Lidl,3.0,0,0,1,2,0.0,0.0,0.3333333333333333,0.6666666666666666,0.0,0.0,1.0,1.0,0.0
832106,Kaufland,2.0,0,0,2,0,0.0,0.0,0.2222222222222222,0.0,0.0,0.0,1.0,0.0,1.0
859863,Carrefour,5.0,4,5,4,12,0.13793103448275862,0.1724137931034483,0.13793103448275862,0.4137931034482759,1.0,1.0,1.0,1.0,1.0
885988,Kaufland,4.0,5,0,1,3,0.5555555555555556,0.0,0.1111111111111111,0.3333333333333333,4.0,0.0,1.0,1.0,0.0
897157,Kaufland,5.0,14,9,11,4,0.3181818181818182,0.20454545454545456,0.25,0.09090909090909093,5.0,1.0,1.0,2.0,1.0
915463,Kaufland,5.0,5,1,1,7,0.2631578947368421,0.05263157894736842,0.05263157894736842,0.3684210526315789,2.0,1.0,1.0,1.0,1.0
917897,Lidl,4.0,0,4,9,1,0.0,0.2857142857142857,0.6428571428571429,0.07142857142857142,0.0,1.0,1.0,1.0,0.0
925841,Kaufland,5.0,2,10,14,9,0.04651162790697674,0.2325581395348837,0.32558139534883723,0.20930232558139536,1.0,1.0,1.0,1.0,1.0
927993,Carrefour,2.0,0,1,0,0,0.0,0.3333333333333333,0.0,0.0,0.0,1.0,0.0,0.0,1.0
941715,Biedronka,4.0,6,0,0,3,0.4,0.0,0.0,0.2,1.0,1.0,0.0,1.0,1.0
976583,Biedronka,3.0,0,0,0,2,0.0,0.0,0.0,0.6666666666666666,1.0,0.0,0.0,2.0,1.0
980870,Biedronka,4.0,0,96,5,0,0.0,0.9504950495049505,0.049504950495049514,0.0,1.0,1.0,1.0,0.0,0.0
989210,Biedronka,3.0,0,36,0,0,0.0,0.972972972972973,0.0,0.0,1.0,1.0,0.0,0.0,1.0
1042049,Lidl,3.0,0,3,0,11,0.0,0.2,0.0,0.7333333333333333,0.0,1.0,0.0,2.0,1.0
1045863,Biedronka,4.0,1,3,0,13,0.05882352941176471,0.17647058823529413,0.0,0.7647058823529411,1.0,1.0,0.0,1.0,0.0
1054133,Lidl,4.0,2,0,0,10,0.06666666666666668,0.0,0.0,0.3333333333333333,1.0,1.0,0.0,2.0,1.0
1077323,Biedronka,4.0,12,7,0,2,0.4444444444444444,0.25925925925925924,0.0,0.07407407407407407,4.0,1.0,0.0,1.0,1.0
1089239,Lidl,4.0,7,1,0,9,0.35,0.05,0.0,0.45,1.0,1.0,0.0,2.0,1.0
1104902,Lidl,3.0,0,0,1,0,0.0,0.0,0.5,0.0,0.0,0.0,1.0,1.0,1.0
1105234,Lidl,5.0,2,9,3,13,0.0625,0.28125,0.09375,0.40625,1.0,1.0,1.0,3.0,1.0
1118076,Lidl,4.0,1,2,0,4,0.125,0.25,0.0,0.5,1.0,1.0,0.0,1.0,1.0
1146519,Carrefour,4.0,1,1,0,4,0.16666666666666666,0.16666666666666666,0.0,0.6666666666666666,1.0,1.0,0.0,2.0,0.0
1146916,Kaufland,4.0,0,25,9,21,0.0,0.42372881355932196,0.15254237288135594,0.3559322033898305,0.0,1.0,1.0,1.0,1.0
1156049,Lidl,5.0,14,9,1,6,0.4666666666666667,0.3,0.03333333333333333,0.2,3.0,1.0,1.0,3.0,0.0
1159617,Kaufland,5.0,16,1,1,8,0.5714285714285714,0.03571428571428571,0.03571428571428571,0.2857142857142857,4.0,1.0,1.0,4.0,1.0
1165759,Kaufland,5.0,3,0,0,11,0.17647058823529413,0.0,0.0,0.6470588235294118,1.0,0.0,1.0,1.0,1.0
1178393,Kaufland,5.0,17,44,1,0,0.26153846153846155,0.676923076923077,0.015384615384615384,0.0,2.0,1.0,1.0,1.0,1.0
1181740,Lidl,3.0,0,2,0,12,0.0,0.13333333333333333,0.0,0.8,0.0,1.0,0.0,3.0,1.0
1195096,Kaufland,3.0,10,0,0,0,0.9090909090909092,0.0,0.0,0.0,2.0,0.0,1.0,0.0,1.0
1196299,Lidl,3.0,0,8,0,2,0.0,0.8,0.0,0.2,0.0,1.0,0.0,3.0,0.0
1199497,Carrefour,4.0,0,0,0,0,0.0,0.0,0.0,0.0,0.0,1.0,0.0,1.0,1.0
1228516,Carrefour,4.0,0,2,5,0,0.0,0.2222222222222222,0.5555555555555556,0.0,1.0,1.0,1.0,0.0,1.0
1229930,Biedronka,3.0,0,1,0,0,0.0,0.5,0.0,0.0,1.0,1.0,0.0,0.0,1.0
1254692,Carrefour,4.0,5,7,1,0,0.35714285714285715,0.5,0.07142857142857142,0.0,2.0,1.0,1.0,0.0,1.0
1289435,Kaufland,4.0,0,1,9,0,0.0,0.09090909090909093,0.8181818181818182,0.0,0.0,1.0,1.0,0.0,1.0
1295461,Biedronka,2.0,4,0,0,0,1.0,0.0,0.0,0.0,4.0,0.0,0.0,0.0,0.0
1360553,Biedronka,4.0,0,0,1,0,0.0,0.0,0.3333333333333333,0.0,1.0,1.0,1.0,0.0,1.0
1361171,Carrefour,3.0,2,2,0,0,0.5,0.5,0.0,0.0,2.0,1.0,0.0,0.0,0.0
1408208,Biedronka,2.0,1,0,0,0,0.25,0.0,0.0,0.0,1.0,0.0,0.0,0.0,1.0
1417998,Lidl,2.0,0,0,0,5,0.0,0.0,0.0,0.625,0.0,0.0,0.0,1.0,1.0
1443361,Lidl,2.0,0,0,0,3,0.0,0.0,0.0,0.6,0.0,0.0,0.0,2.0,1.0
1461427,Biedronka,5.0,40,17,8,9,0.4761904761904762,0.2023809523809524,0.09523809523809523,0.10714285714285714,2.0,1.0,1.0,3.0,1.0
1466037,Lidl,5.0,1,1,15,38,0.017543859649122806,0.017543859649122806,0.2631578947368421,0.6666666666666666,1.0,1.0,1.0,4.0,1.0
1475454,Biedronka,4.0,1,12,0,2,0.0625,0.75,0.0,0.125,1.0,1.0,0.0,1.0,1.0
1477395,Kaufland,3.0,0,0,0,2,0.0,0.0,0.0,0.2857142857142857,0.0,0.0,1.0,1.0,1.0
1479191,Biedronka,3.0,0,0,0,0,0.0,0.0,0.0,0.0,1.0,0.0,0.0,1.0,1.0
1494863,Biedronka,3.0,6,0,1,0,0.75,0.0,0.125,0.0,2.0,0.0,1.0,0.0,1.0
1511934,Carrefour,2.0,0,2,0,0,0.0,1.0,0.0,0.0,0.0,1.0,0.0,0.0,0.0
1528575,Biedronka,2.0,0,0,0,0,0.0,0.0,0.0,0.0,1.0,0.0,0.0,0.0,1.0
1555002,Kaufland,4.0,9,0,0,0,0.8181818181818182,0.0,0.0,0.0,2.0,0.0,1.0,1.0,1.0
1556441,Lidl,5.0,2,25,0,3,0.060606060606060615,0.7575757575757576,0.0,0.09090909090909093,1.0,1.0,1.0,2.0,1.0
1568510,Carrefour,3.0,11,2,0,0,0.8461538461538461,0.15384615384615385,0.0,0.0,3.0,1.0,0.0,0.0,0.0
1591446,Carrefour,4.0,0,1,1,0,0.0,0.3333333333333333,0.3333333333333333,0.0,0.0,1.0,1.0,0.0,1.0
1604943,Lidl,3.0,0,0,0,6,0.0,0.0,0.0,0.75,0.0,0.0,0.0,1.0,1.0
1614206,Biedronka,3.0,0,0,0,0,0.0,0.0,0.0,0.0,2.0,0.0,0.0,0.0,1.0
1616551,Lidl,4.0,0,0,3,30,0.0,0.0,0.07692307692307693,0.7692307692307693,0.0,1.0,1.0,3.0,1.0
1639583,Biedronka,3.0,0,2,0,0,0.0,0.6666666666666666,0.0,0.0,1.0,1.0,0.0,0.0,1.0
1644954,Biedronka,2.0,1,0,0,0,0.25,0.0,0.0,0.0,2.0,0.0,0.0,0.0,1.0
1671061,Biedronka,3.0,2,0,2,0,0.4,0.0,0.4,0.0,1.0,0.0,1.0,0.0,1.0
1692700,Biedronka,3.0,0,4,0,0,0.0,0.6666666666666666,0.0,0.0,1.0,1.0,0.0,0.0,1.0
1718015,Lidl,2.0,0,0,0,6,0.0,0.0,0.0,0.75,0.0,0.0,0.0,3.0,1.0
1737957,Biedronka,3.0,0,0,0,0,0.0,0.0,0.0,0.0,1.0,1.0,0.0,0.0,1.0
1738506,Lidl,3.0,0,0,0,7,0.0,0.0,0.0,0.3333333333333333,1.0,0.0,0.0,2.0,1.0
1774648,Kaufland,4.0,2,0,10,0,0.15384615384615385,0.0,0.7692307692307693,0.0,1.0,1.0,1.0,0.0,1.0
1796821,Lidl,3.0,0,0,5,8,0.0,0.0,0.38461538461538464,0.6153846153846154,0.0,0.0,1.0,3.0,0.0
1800801,Biedronka,4.0,2,4,0,1,0.25,0.5,0.0,0.125,3.0,1.0,0.0,2.0,1.0
1801766,Biedronka,3.0,7,13,0,0,0.3333333333333333,0.6190476190476191,0.0,0.0,2.0,1.0,0.0,0.0,1.0
1811781,Biedronka,3.0,0,0,6,0,0.0,0.0,0.3,0.0,1.0,0.0,1.0,0.0,1.0
1820369,Kaufland,4.0,8,3,1,0,0.5333333333333333,0.2,0.06666666666666668,0.0,1.0,1.0,1.0,0.0,1.0
1821470,Biedronka,3.0,0,5,0,0,0.0,1.0,0.0,0.0,3.0,1.0,0.0,0.0,0.0
1830249,Lidl,2.0,0,0,0,5,0.0,0.0,0.0,1.0,0.0,0.0,0.0,1.0,0.0
1841934,Lidl,3.0,0,3,0,0,0.0,0.75,0.0,0.0,0.0,1.0,0.0,1.0,1.0
1842202,Carrefour,4.0,5,3,3,0,0.4166666666666667,0.25,0.25,0.0,1.0,1.0,1.0,0.0,1.0
1877582,Carrefour,2.0,0,3,0,0,0.0,0.75,0.0,0.0,0.0,1.0,0.0,0.0,1.0
1883689,Biedronka,3.0,1,1,0,0,0.3333333333333333,0.3333333333333333,0.0,0.0,1.0,1.0,0.0,0.0,1.0
1886214,Kaufland,4.0,0,4,0,0,0.0,0.8,0.0,0.0,0.0,1.0,1.0,0.0,1.0
1889065,Biedronka,4.0,10,2,0,0,0.7142857142857143,0.14285714285714285,0.0,0.0,2.0,1.0,0.0,0.0,1.0
1902080,Biedronka,2.0,1,0,0,0,0.5,0.0,0.0,0.0,2.0,0.0,0.0,0.0,1.0
1910558,Lidl,3.0,0,2,0,0,0.0,1.0,0.0,0.0,0.0,1.0,0.0,1.0,0.0
1921903,Kaufland,5.0,3,0,3,0,0.42857142857142855,0.0,0.42857142857142855,0.0,4.0,1.0,1.0,1.0,1.0
1929011,Lidl,3.0,0,3,0,7,0.0,0.21428571428571427,0.0,0.5,0.0,1.0,0.0,1.0,1.0
1929211,Lidl,0.0,0,0,0,0,0.0,0.0,0.0,0.0,0.0,0.0,0.0,2.0,0.0
1938132,Biedronka,5.0,0,6,0,2,0.0,0.6666666666666666,0.0,0.2222222222222222,2.0,1.0,1.0,1.0,1.0
1940064,Biedronka,4.0,1,2,0,0,0.3333333333333333,0.6666666666666666,0.0,0.0,2.0,1.0,0.0,1.0,0.0
1945744,Biedronka,3.0,3,0,2,0,0.5,0.0,0.3333333333333333,0.0,2.0,0.0,1.0,0.0,1.0
1948119,Biedronka,5.0,5,1,1,7,0.2380952380952381,0.047619047619047616,0.047619047619047616,0.3333333333333333,1.0,1.0,1.0,2.0,1.0
1973713,Biedronka,3.0,0,0,0,8,0.0,0.0,0.0,0.8888888888888888,1.0,0.0,0.0,1.0,1.0
1977486,Lidl,5.0,8,12,5,8,0.2352941176470588,0.35294117647058826,0.14705882352941174,0.2352941176470588,2.0,1.0,1.0,2.0,1.0
1977564,Biedronka,4.0,6,7,0,0,0.42857142857142855,0.5,0.0,0.0,1.0,1.0,0.0,0.0,1.0
1978645,Kaufland,4.0,0,0,3,1,0.0,0.0,0.6,0.2,1.0,0.0,1.0,1.0,1.0
1979250,Lidl,4.0,0,0,0,0,0.0,0.0,0.0,0.0,0.0,0.0,0.0,1.0,1.0
1987658,Biedronka,3.0,6,0,0,5,0.35294117647058826,0.0,0.0,0.29411764705882354,2.0,0.0,0.0,1.0,1.0
1996864,Lidl,3.0,0,5,0,13,0.0,0.2631578947368421,0.0,0.6842105263157895,0.0,1.0,0.0,2.0,1.0
2004183,Carrefour,2.0,0,1,0,0,0.0,0.5,0.0,0.0,0.0,1.0,0.0,0.0,1.0
2007021,Biedronka,2.0,1,0,0,0,0.5,0.0,0.0,0.0,2.0,0.0,0.0,0.0,1.0
2010017,Biedronka,3.0,0,8,0,0,0.0,0.8888888888888888,0.0,0.0,1.0,1.0,0.0,0.0,1.0
2030835,Biedronka,3.0,4,0,0,2,0.6666666666666666,0.0,0.0,0.3333333333333333,1.0,0.0,0.0,1.0,0.0
2032340,Biedronka,4.0,0,0,2,1,0.0,0.0,0.5,0.25,1.0,0.0,1.0,1.0,1.0
2033432,Carrefour,3.0,0,2,0,6,0.0,0.2222222222222222,0.0,0.6666666666666666,0.0,1.0,0.0,1.0,1.0
2075430,Carrefour,3.0,0,0,0,1,0.0,0.0,0.0,0.5,0.0,1.0,0.0,2.0,1.0
2081761,Lidl,2.0,0,0,0,0,0.0,0.0,0.0,0.0,0.0,0.0,0.0,1.0,1.0
2082715,Lidl,3.0,3,0,0,0,0.75,0.0,0.0,0.0,2.0,0.0,0.0,1.0,1.0
2083563,Carrefour,3.0,5,16,0,0,0.2272727272727273,0.7272727272727273,0.0,0.0,3.0,1.0,0.0,0.0,1.0
2102899,Biedronka,2.0,4,0,0,0,1.0,0.0,0.0,0.0,1.0,0.0,0.0,0.0,0.0
2104683,Kaufland,5.0,3,2,0,34,0.075,0.05,0.0,0.85,3.0,1.0,1.0,2.0,1.0
2104779,Carrefour,4.0,6,0,1,0,0.75,0.0,0.125,0.0,2.0,1.0,1.0,0.0,1.0
2110516,Lidl,3.0,0,0,0,3,0.0,0.0,0.0,0.6,0.0,0.0,0.0,2.0,1.0
2117098,Biedronka,4.0,3,1,0,4,0.3,0.1,0.0,0.4,2.0,1.0,0.0,2.0,1.0
2144188,Carrefour,4.0,1,1,0,0,0.3333333333333333,0.3333333333333333,0.0,0.0,1.0,1.0,0.0,2.0,1.0
2150135,Biedronka,3.0,11,0,0,0,1.0,0.0,0.0,0.0,4.0,0.0,0.0,0.0,0.0
2156903,Carrefour,2.0,0,4,0,0,0.0,0.6666666666666666,0.0,0.0,0.0,1.0,0.0,0.0,1.0
2158350,Biedronka,4.0,0,2,0,1,0.0,0.4,0.0,0.2,1.0,1.0,0.0,1.0,1.0
2198625,Lidl,4.0,4,0,1,7,0.2857142857142857,0.0,0.07142857142857142,0.5,1.0,0.0,1.0,1.0,1.0
2226795,Carrefour,3.0,1,0,0,0,1.0,0.0,0.0,0.0,1.0,1.0,0.0,0.0,0.0
2237818,Lidl,3.0,1,0,0,0,0.5,0.0,0.0,0.0,1.0,0.0,0.0,1.0,1.0
2243257,Kaufland,5.0,10,14,69,0,0.10416666666666667,0.14583333333333334,0.71875,0.0,2.0,1.0,1.0,0.0,1.0
2251357,Carrefour,3.0,0,0,0,0,0.0,0.0,0.0,0.0,0.0,1.0,0.0,0.0,1.0
2254699,Carrefour,4.0,9,13,0,0,0.375,0.5416666666666666,0.0,0.0,2.0,1.0,0.0,1.0,1.0
2279458,Biedronka,4.0,1,7,0,0,0.125,0.875,0.0,0.0,1.0,1.0,1.0,0.0,0.0
2286544,Biedronka,3.0,0,5,0,0,0.0,1.0,0.0,0.0,1.0,1.0,0.0,0.0,0.0
2305718,Carrefour,5.0,2,3,2,0,0.15384615384615385,0.2307692307692308,0.15384615384615385,0.0,1.0,1.0,1.0,1.0,1.0
2331107,Biedronka,4.0,7,0,8,2,0.3888888888888889,0.0,0.4444444444444444,0.1111111111111111,1.0,0.0,1.0,1.0,1.0
2336106,Carrefour,3.0,0,0,1,0,0.0,0.0,0.5,0.0,0.0,1.0,1.0,0.0,1.0
2354675,Lidl,5.0,4,3,4,3,0.26666666666666666,0.2,0.26666666666666666,0.2,2.0,1.0,1.0,3.0,1.0
2366322,Lidl,5.0,1,6,0,3,0.0625,0.375,0.0,0.1875,1.0,1.0,0.0,1.0,1.0
2377644,Carrefour,3.0,0,0,0,0,0.0,0.0,0.0,0.0,0.0,1.0,0.0,0.0,1.0
2383295,Lidl,4.0,1,0,6,14,0.03571428571428571,0.0,0.21428571428571427,0.5,1.0,0.0,1.0,2.0,1.0
2384744,Biedronka,5.0,64,6,3,2,0.7804878048780488,0.07317073170731707,0.03658536585365853,0.024390243902439025,2.0,1.0,1.0,1.0,1.0
2389317,Lidl,4.0,6,3,0,2,0.4615384615384616,0.2307692307692308,0.0,0.15384615384615385,2.0,1.0,0.0,1.0,1.0
2400537,Carrefour,2.0,0,19,0,0,0.0,0.9047619047619048,0.0,0.0,0.0,1.0,0.0,0.0,1.0
2401771,Biedronka,4.0,12,4,0,3,0.5714285714285714,0.19047619047619047,0.0,0.14285714285714285,1.0,1.0,0.0,2.0,1.0
2404848,Biedronka,5.0,12,5,0,7,0.3428571428571429,0.14285714285714285,0.0,0.2,2.0,1.0,1.0,3.0,1.0
2409261,Lidl,4.0,2,1,0,10,0.13333333333333333,0.06666666666666668,0.0,0.6666666666666666,2.0,1.0,0.0,2.0,1.0
2409700,Biedronka,4.0,5,2,0,1,0.5,0.2,0.0,0.1,1.0,1.0,0.0,1.0,1.0
2411795,Lidl,4.0,5,2,0,0,0.625,0.25,0.0,0.0,2.0,1.0,0.0,1.0,1.0
2431702,Lidl,4.0,0,1,0,0,0.0,1.0,0.0,0.0,1.0,1.0,0.0,1.0,0.0
2433858,Biedronka,4.0,0,0,2,0,0.0,0.0,1.0,0.0,1.0,0.0,1.0,1.0,0.0
2435025,Lidl,2.0,0,0,0,3,0.0,0.0,0.0,0.75,0.0,0.0,0.0,3.0,1.0
2435956,Biedronka,5.0,5,1,0,9,0.2272727272727273,0.045454545454545456,0.0,0.4090909090909091,2.0,1.0,1.0,3.0,1.0
2440275,Biedronka,4.0,7,7,0,14,0.25,0.25,0.0,0.5,2.0,1.0,0.0,1.0,0.0
2442068,Carrefour,5.0,7,60,1,5,0.0945945945945946,0.8108108108108109,0.013513513513513514,0.06756756756756757,3.0,1.0,1.0,1.0,1.0
2445077,Carrefour,4.0,1,0,0,3,0.16666666666666666,0.0,0.0,0.5,1.0,1.0,0.0,1.0,1.0
2445634,Biedronka,4.0,15,61,5,0,0.17857142857142858,0.7261904761904762,0.05952380952380953,0.0,3.0,1.0,1.0,0.0,1.0
2450914,Biedronka,3.0,3,0,0,2,0.6,0.0,0.0,0.4,1.0,0.0,0.0,1.0,0.0
2451714,Carrefour,5.0,22,17,8,16,0.3188405797101449,0.2463768115942029,0.11594202898550725,0.2318840579710145,2.0,1.0,1.0,2.0,1.0
2452423,Biedronka,4.0,2,16,0,5,0.08,0.64,0.0,0.2,4.0,1.0,0.0,1.0,1.0
2457238,Carrefour,5.0,1,4,0,2,0.125,0.5,0.0,0.25,1.0,2.0,1.0,1.0,1.0
2457479,Carrefour,4.0,2,4,0,1,0.2857142857142857,0.5714285714285714,0.0,0.14285714285714285,1.0,1.0,0.0,1.0,0.0
2458221,Biedronka,3.0,0,0,0,0,0.0,0.0,0.0,0.0,1.0,1.0,0.0,0.0,1.0
2468001,Carrefour,2.0,0,10,0,0,0.0,0.9090909090909092,0.0,0.0,0.0,1.0,0.0,0.0,1.0
2468045,Carrefour,4.0,12,0,0,2,0.8571428571428571,0.0,0.0,0.14285714285714285,4.0,1.0,0.0,1.0,0.0
2470043,Lidl,4.0,3,0,0,1,0.75,0.0,0.0,0.25,1.0,1.0,0.0,2.0,0.0
2470684,Lidl,3.0,0,0,0,8,0.0,0.0,0.0,0.5714285714285714,0.0,0.0,0.0,1.0,1.0
2471207,Biedronka,4.0,3,0,28,0,0.09090909090909093,0.0,0.8484848484848485,0.0,3.0,1.0,1.0,0.0,1.0
2478143,Lidl,5.0,5,26,21,3,0.08620689655172414,0.4482758620689655,0.3620689655172414,0.05172413793103448,2.0,1.0,1.0,2.0,1.0
2481442,Kaufland,5.0,29,1,9,16,0.4754098360655738,0.016393442622950817,0.14754098360655735,0.26229508196721313,3.0,1.0,1.0,1.0,1.0
2487197,Biedronka,4.0,5,2,3,0,0.4545454545454545,0.18181818181818185,0.2727272727272727,0.0,1.0,1.0,1.0,0.0,1.0
2487407,Lidl,5.0,4,16,6,0,0.15384615384615385,0.6153846153846154,0.2307692307692308,0.0,2.0,1.0,1.0,1.0,0.0
2487743,Biedronka,3.0,15,7,0,0,0.6818181818181818,0.3181818181818182,0.0,0.0,2.0,1.0,0.0,0.0,0.0
2493749,Lidl,3.0,0,0,0,2,0.0,0.0,0.0,0.5,0.0,0.0,0.0,2.0,1.0
2497316,Biedronka,5.0,18,9,8,40,0.2278481012658228,0.1139240506329114,0.10126582278481013,0.5063291139240507,3.0,1.0,1.0,1.0,1.0
2499188,Biedronka,4.0,2,3,0,1,0.25,0.375,0.0,0.125,2.0,1.0,0.0,1.0,1.0
2499250,Carrefour,4.0,2,0,0,0,1.0,0.0,0.0,0.0,1.0,1.0,0.0,1.0,0.0
2501404,Biedronka,4.0,8,5,0,1,0.4444444444444444,0.2777777777777778,0.0,0.05555555555555555,1.0,1.0,0.0,1.0,1.0
2502425,Lidl,5.0,2,9,20,3,0.05882352941176471,0.2647058823529412,0.5882352941176471,0.08823529411764706,1.0,1.0,1.0,2.0,0.0
2505586,Biedronka,4.0,0,0,0,0,0.0,0.0,0.0,0.0,1.0,1.0,0.0,0.0,1.0
2506522,Carrefour,4.0,1,2,0,1,0.16666666666666666,0.3333333333333333,0.0,0.16666666666666666,2.0,1.0,0.0,1.0,1.0
2518629,Biedronka,5.0,9,3,9,0,0.4090909090909091,0.13636363636363635,0.4090909090909091,0.0,2.0,1.0,1.0,0.0,1.0
2518997,Biedronka,5.0,8,7,0,4,0.26666666666666666,0.2333333333333333,0.0,0.13333333333333333,2.0,1.0,1.0,1.0,1.0
2522500,Lidl,3.0,1,0,0,0,0.5,0.0,0.0,0.0,1.0,0.0,0.0,1.0,1.0
2523187,Lidl,5.0,1,20,2,15,0.02564102564102564,0.5128205128205128,0.05128205128205128,0.38461538461538464,1.0,1.0,1.0,1.0,1.0
2525170,Lidl,4.0,0,0,1,5,0.0,0.0,0.16666666666666666,0.8333333333333334,0.0,0.0,1.0,1.0,0.0
2533785,Kaufland,4.0,4,2,1,0,0.5714285714285714,0.2857142857142857,0.14285714285714285,0.0,2.0,1.0,1.0,0.0,0.0
2539915,Biedronka,4.0,3,0,0,21,0.07317073170731707,0.0,0.0,0.5121951219512195,1.0,0.0,1.0,2.0,1.0
2542476,Biedronka,5.0,8,1,6,6,0.3076923076923077,0.038461538461538464,0.2307692307692308,0.2307692307692308,2.0,1.0,1.0,1.0,1.0
2546283,Carrefour,4.0,12,16,0,4,0.3076923076923077,0.41025641025641024,0.0,0.10256410256410256,1.0,1.0,0.0,1.0,1.0
2548528,Carrefour,3.0,1,1,0,0,0.5,0.5,0.0,0.0,1.0,1.0,0.0,0.0,0.0
2549033,Biedronka,3.0,4,2,0,0,0.4,0.2,0.0,0.0,2.0,1.0,0.0,0.0,1.0
2557953,Kaufland,5.0,0,4,0,5,0.0,0.4444444444444444,0.0,0.5555555555555556,0.0,1.0,1.0,3.0,0.0
2563964,Kaufland,4.0,4,8,1,0,0.2857142857142857,0.5714285714285714,0.07142857142857142,0.0,3.0,1.0,1.0,0.0,1.0
2565232,Carrefour,3.0,0,1,0,13,0.0,0.06666666666666668,0.0,0.8666666666666667,0.0,1.0,0.0,2.0,1.0
2565660,Biedronka,4.0,15,0,0,1,0.8333333333333334,0.0,0.0,0.05555555555555555,2.0,0.0,0.0,1.0,1.0
2568979,Biedronka,3.0,2,0,0,2,0.5,0.0,0.0,0.5,2.0,0.0,0.0,1.0,0.0
2569127,Lidl,4.0,14,6,0,34,0.23728813559322035,0.1016949152542373,0.0,0.576271186440678,5.0,2.0,0.0,1.0,1.0
2574389,Biedronka,4.0,1,1,0,0,0.2,0.2,0.0,0.0,1.0,1.0,0.0,1.0,1.0
2575872,Lidl,3.0,0,0,0,0,0.0,0.0,0.0,0.0,1.0,0.0,0.0,1.0,1.0
2578568,Kaufland,5.0,4,4,1,4,0.25,0.25,0.0625,0.25,2.0,1.0,1.0,1.0,1.0
2593747,Lidl,2.0,0,0,0,4,0.0,0.0,0.0,0.5,0.0,0.0,0.0,1.0,1.0
2594353,Biedronka,3.0,7,1,0,0,0.7777777777777778,0.1111111111111111,0.0,0.0,1.0,1.0,0.0,0.0,1.0
2596732,Biedronka,3.0,7,15,0,0,0.3181818181818182,0.6818181818181818,0.0,0.0,2.0,1.0,0.0,0.0,0.0
2598099,Carrefour,4.0,0,4,1,3,0.0,0.4444444444444444,0.1111111111111111,0.3333333333333333,0.0,1.0,1.0,1.0,1.0
2606979,Biedronka,4.0,4,0,6,6,0.2222222222222222,0.0,0.3333333333333333,0.3333333333333333,1.0,0.0,1.0,3.0,1.0
2607121,Carrefour,3.0,2,4,0,0,0.2857142857142857,0.5714285714285714,0.0,0.0,1.0,1.0,0.0,0.0,1.0
2612500,Lidl,3.0,0,2,0,6,0.0,0.25,0.0,0.75,0.0,1.0,0.0,1.0,0.0
2623022,Lidl,2.0,0,0,0,14,0.0,0.0,0.0,0.875,0.0,0.0,0.0,1.0,1.0
2632107,Biedronka,2.0,1,0,0,0,1.0,0.0,0.0,0.0,1.0,0.0,0.0,0.0,0.0
2636361,Lidl,2.0,0,0,0,8,0.0,0.0,0.0,0.8,0.0,0.0,0.0,2.0,1.0
2641413,Kaufland,5.0,2,2,0,23,0.06666666666666668,0.06666666666666668,0.0,0.7666666666666667,1.0,1.0,1.0,1.0,1.0
2642126,Lidl,4.0,26,0,0,19,0.5777777777777777,0.0,0.0,0.4222222222222222,2.0,1.0,0.0,3.0,0.0
2655933,Biedronka,4.0,0,4,0,2,0.0,0.5,0.0,0.25,1.0,1.0,0.0,1.0,1.0
2662074,Carrefour,4.0,4,0,2,0,0.6666666666666666,0.0,0.3333333333333333,0.0,2.0,1.0,1.0,0.0,0.0
2663729,Biedronka,5.0,22,36,2,5,0.3333333333333333,0.5454545454545454,0.030303030303030307,0.07575757575757576,2.0,1.0,1.0,2.0,1.0
2671180,Biedronka,5.0,6,5,0,2,0.3,0.25,0.0,0.1,2.0,1.0,1.0,2.0,1.0
2683311,Carrefour,3.0,6,28,0,0,0.17142857142857146,0.8,0.0,0.0,2.0,1.0,0.0,0.0,1.0
2691061,Biedronka,0.0,0,0,0,0,0.0,0.0,0.0,0.0,1.0,0.0,0.0,0.0,0.0
2694874,Kaufland,4.0,0,2,6,2,0.0,0.2,0.6,0.2,0.0,1.0,1.0,2.0,0.0
2695008,Lidl,4.0,1,0,1,1,0.1111111111111111,0.0,0.1111111111111111,0.1111111111111111,2.0,0.0,1.0,2.0,1.0
2701885,Biedronka,4.0,183,10,1,0,0.9384615384615383,0.05128205128205128,0.005128205128205128,0.0,3.0,1.0,1.0,0.0,1.0
2704723,Biedronka,3.0,0,0,0,15,0.0,0.0,0.0,0.8823529411764706,1.0,0.0,0.0,2.0,1.0
2709967,Lidl,2.0,0,0,0,14,0.0,0.0,0.0,0.9333333333333332,0.0,0.0,0.0,1.0,1.0
2712248,Biedronka,4.0,2,1,0,0,0.5,0.25,0.0,0.0,3.0,1.0,0.0,1.0,1.0
2727745,Lidl,5.0,12,0,1,2,0.75,0.0,0.0625,0.125,3.0,0.0,1.0,2.0,1.0
2752100,Lidl,3.0,2,0,0,6,0.15384615384615385,0.0,0.0,0.4615384615384616,1.0,0.0,0.0,2.0,1.0
2752736,Carrefour,2.0,0,4,0,0,0.0,0.5714285714285714,0.0,0.0,0.0,1.0,0.0,0.0,1.0
2753368,Biedronka,5.0,3,1,2,2,0.375,0.125,0.25,0.25,1.0,1.0,1.0,1.0,0.0
2762655,Kaufland,4.0,0,2,16,1,0.0,0.1,0.8,0.05,0.0,1.0,1.0,1.0,1.0
2776511,Biedronka,3.0,1,5,0,0,0.16666666666666666,0.8333333333333334,0.0,0.0,1.0,1.0,0.0,0.0,0.0
2778901,Biedronka,4.0,36,3,0,0,0.8571428571428571,0.07142857142857142,0.0,0.0,2.0,1.0,0.0,1.0,1.0
2784794,Biedronka,3.0,8,1,0,0,0.6153846153846154,0.07692307692307693,0.0,0.0,3.0,1.0,0.0,0.0,1.0
2785257,Carrefour,4.0,0,0,0,1,0.0,0.0,0.0,0.5,0.0,1.0,0.0,2.0,1.0
2785345,Biedronka,4.0,1,0,4,3,0.09090909090909093,0.0,0.3636363636363637,0.2727272727272727,2.0,0.0,1.0,1.0,1.0
2792780,Carrefour,4.0,2,0,2,0,0.5,0.0,0.5,0.0,2.0,1.0,1.0,0.0,0.0
2807425,Carrefour,2.0,0,35,0,0,0.0,0.945945945945946,0.0,0.0,0.0,1.0,0.0,0.0,1.0
2816254,Lidl,2.0,0,0,0,2,0.0,0.0,0.0,0.4,0.0,0.0,0.0,2.0,1.0
2824607,Lidl,3.0,0,1,0,5,0.0,0.1111111111111111,0.0,0.5555555555555556,0.0,1.0,0.0,1.0,1.0
2825610,Carrefour,2.0,0,3,0,0,0.0,0.3,0.0,0.0,0.0,1.0,0.0,0.0,1.0
2827447,Biedronka,4.0,6,0,0,3,0.6666666666666666,0.0,0.0,0.3333333333333333,1.0,0.0,0.0,1.0,0.0
2836576,Lidl,4.0,1,0,9,19,0.02631578947368421,0.0,0.2368421052631579,0.5,1.0,0.0,1.0,3.0,1.0
2844235,Kaufland,5.0,3,3,1,1,0.375,0.375,0.125,0.125,3.0,1.0,1.0,1.0,0.0
2848665,Biedronka,2.0,5,0,0,0,0.5555555555555556,0.0,0.0,0.0,3.0,0.0,0.0,0.0,1.0
2848786,Biedronka,3.0,11,12,0,0,0.4583333333333333,0.5,0.0,0.0,4.0,1.0,0.0,0.0,1.0
2855965,Biedronka,3.0,7,2,0,0,0.7777777777777778,0.2222222222222222,0.0,0.0,1.0,1.0,0.0,0.0,0.0
2861304,Carrefour,4.0,6,1,2,0,0.6,0.1,0.2,0.0,3.0,1.0,1.0,0.0,1.0
2863133,Carrefour,3.0,0,0,0,0,0.0,0.0,0.0,0.0,0.0,1.0,0.0,1.0,1.0
2868775,Kaufland,5.0,1,0,2,5,0.09090909090909093,0.0,0.18181818181818185,0.4545454545454545,1.0,1.0,1.0,1.0,1.0
2872996,Kaufland,5.0,13,5,7,3,0.2954545454545455,0.11363636363636365,0.1590909090909091,0.06818181818181818,1.0,1.0,1.0,2.0,1.0
2876078,Biedronka,4.0,1,2,1,0,0.125,0.25,0.125,0.0,1.0,1.0,1.0,0.0,1.0
2876921,Kaufland,4.0,3,0,23,5,0.08823529411764706,0.0,0.6764705882352942,0.14705882352941174,1.0,0.0,1.0,3.0,1.0
2877150,Kaufland,0.0,0,0,0,0,0.0,0.0,0.0,0.0,0.0,0.0,1.0,1.0,0.0
2883164,Lidl,4.0,0,10,1,10,0.0,0.43478260869565216,0.043478260869565216,0.43478260869565216,0.0,1.0,1.0,3.0,1.0
2883864,Kaufland,5.0,11,8,1,4,0.4074074074074074,0.2962962962962963,0.037037037037037035,0.14814814814814814,4.0,1.0,1.0,1.0,1.0
2886636,Carrefour,4.0,0,5,0,4,0.0,0.5555555555555556,0.0,0.4444444444444444,0.0,1.0,1.0,1.0,0.0
2888245,Carrefour,4.0,3,3,0,3,0.3333333333333333,0.3333333333333333,0.0,0.3333333333333333,3.0,1.0,0.0,2.0,0.0
2905967,Lidl,4.0,9,1,0,2,0.75,0.08333333333333333,0.0,0.16666666666666666,3.0,1.0,0.0,1.0,0.0
2911519,Lidl,4.0,1,2,0,1,0.2,0.4,0.0,0.2,1.0,1.0,0.0,1.0,1.0
2911860,Lidl,3.0,0,0,0,5,0.0,0.0,0.0,0.8333333333333334,1.0,0.0,0.0,1.0,1.0
2924798,Biedronka,3.0,10,0,13,0,0.4166666666666667,0.0,0.5416666666666666,0.0,3.0,0.0,1.0,0.0,1.0
2925718,Lidl,4.0,0,2,0,1,0.0,0.4,0.0,0.2,1.0,1.0,0.0,1.0,1.0
2937233,Carrefour,5.0,33,0,9,6,0.66,0.0,0.18,0.12,5.0,1.0,1.0,2.0,1.0
2944606,Lidl,4.0,0,1,0,2,0.0,0.2,0.0,0.4,1.0,1.0,0.0,2.0,1.0
2949313,Lidl,4.0,1,0,15,19,0.028571428571428567,0.0,0.42857142857142855,0.5428571428571428,1.0,0.0,1.0,3.0,0.0
2963804,Kaufland,5.0,3,0,0,2,0.6,0.0,0.0,0.4,3.0,0.0,1.0,2.0,0.0
2972609,Carrefour,3.0,2,4,0,0,0.2857142857142857,0.5714285714285714,0.0,0.0,1.0,1.0,0.0,0.0,1.0
2976233,Lidl,4.0,4,4,0,4,0.3076923076923077,0.3076923076923077,0.0,0.3076923076923077,1.0,1.0,0.0,2.0,1.0
2976979,Biedronka,4.0,4,2,0,3,0.3076923076923077,0.15384615384615385,0.0,0.2307692307692308,1.0,1.0,0.0,1.0,1.0
2980472,Biedronka,4.0,14,16,0,0,0.4375,0.5,0.0,0.0,3.0,1.0,0.0,0.0,1.0
2982011,Kaufland,4.0,1,11,24,0,0.025,0.275,0.6,0.0,2.0,1.0,1.0,0.0,1.0
2999505,Biedronka,4.0,9,6,0,5,0.4090909090909091,0.2727272727272727,0.0,0.2272727272727273,1.0,1.0,0.0,2.0,1.0
3000537,Lidl,3.0,0,0,10,4,0.0,0.0,0.6666666666666666,0.26666666666666666,0.0,0.0,1.0,2.0,1.0
3008554,Carrefour,2.0,0,9,0,0,0.0,0.8181818181818182,0.0,0.0,0.0,1.0,0.0,0.0,1.0
3010453,Carrefour,0.0,0,0,0,0,0.0,0.0,0.0,0.0,0.0,1.0,0.0,0.0,0.0
3019485,Lidl,4.0,0,9,34,2,0.0,0.16981132075471694,0.6415094339622641,0.03773584905660377,0.0,2.0,1.0,2.0,1.0
3024880,Biedronka,4.0,0,2,24,0,0.0,0.07692307692307693,0.9230769230769232,0.0,1.0,1.0,1.0,0.0,0.0
3038560,Lidl,5.0,8,1,2,3,0.5333333333333333,0.06666666666666668,0.13333333333333333,0.2,1.0,1.0,1.0,2.0,1.0
3039729,Carrefour,4.0,0,24,5,7,0.0,0.3870967741935484,0.08064516129032258,0.1129032258064516,0.0,1.0,1.0,2.0,1.0
3041156,Carrefour,3.0,0,7,0,38,0.0,0.15217391304347827,0.0,0.8260869565217391,0.0,1.0,0.0,1.0,1.0
3048226,Kaufland,5.0,45,5,17,0,0.6716417910447762,0.07462686567164177,0.2537313432835821,0.0,3.0,1.0,1.0,1.0,0.0
3048326,Carrefour,4.0,3,4,13,0,0.14285714285714285,0.19047619047619047,0.6190476190476191,0.0,2.0,1.0,1.0,0.0,1.0
3050474,Biedronka,4.0,0,3,5,0,0.0,0.25,0.4166666666666667,0.0,1.0,1.0,1.0,0.0,1.0
3050546,Lidl,3.0,0,8,0,7,0.0,0.4444444444444444,0.0,0.3888888888888889,0.0,1.0,0.0,2.0,1.0
3050934,Carrefour,2.0,0,3,0,0,0.0,0.75,0.0,0.0,0.0,1.0,0.0,0.0,1.0
3082868,Lidl,3.0,0,1,0,6,0.0,0.1,0.0,0.6,0.0,1.0,0.0,2.0,1.0
3092571,Biedronka,3.0,0,0,0,5,0.0,0.0,0.0,0.8333333333333334,1.0,0.0,0.0,1.0,1.0
3098524,Biedronka,4.0,3,4,0,0,0.42857142857142855,0.5714285714285714,0.0,0.0,2.0,1.0,0.0,0.0,0.0
3107419,Lidl,4.0,1,6,0,23,0.03333333333333333,0.2,0.0,0.7666666666666667,1.0,1.0,0.0,2.0,0.0
3110993,Lidl,4.0,0,0,4,43,0.0,0.0,0.08,0.86,0.0,0.0,1.0,1.0,1.0
3119623,Biedronka,5.0,6,26,11,7,0.10714285714285714,0.4642857142857143,0.19642857142857145,0.125,3.0,1.0,1.0,1.0,1.0
3128043,Carrefour,4.0,1,0,4,0,0.16666666666666666,0.0,0.6666666666666666,0.0,1.0,1.0,1.0,0.0,1.0
3132152,Biedronka,4.0,0,10,8,0,0.0,0.5,0.4,0.0,1.0,1.0,1.0,0.0,1.0
3136377,Carrefour,4.0,3,4,4,0,0.09090909090909093,0.12121212121212123,0.12121212121212123,0.0,1.0,1.0,1.0,0.0,1.0
3141166,Carrefour,5.0,1,1,1,2,0.125,0.125,0.125,0.25,2.0,1.0,1.0,1.0,1.0
3141757,Biedronka,3.0,4,4,0,0,0.5,0.5,0.0,0.0,1.0,1.0,0.0,0.0,0.0
3143361,Biedronka,4.0,0,1,0,0,0.0,0.5,0.0,0.0,2.0,1.0,0.0,1.0,1.0
3148542,Kaufland,3.0,0,3,0,0,0.0,0.6,0.0,0.0,0.0,1.0,1.0,0.0,1.0
3153800,Lidl,4.0,5,2,0,0,0.625,0.25,0.0,0.0,1.0,1.0,0.0,1.0,1.0
3178027,Lidl,3.0,0,13,0,18,0.0,0.3939393939393939,0.0,0.5454545454545454,0.0,1.0,0.0,1.0,1.0
3182427,Carrefour,5.0,0,1,1,0,0.0,0.3333333333333333,0.3333333333333333,0.0,0.0,1.0,1.0,1.0,1.0
3183326,Biedronka,5.0,7,0,24,1,0.175,0.0,0.6,0.025,3.0,1.0,1.0,1.0,1.0
3184594,Biedronka,3.0,1,1,0,0,0.3333333333333333,0.3333333333333333,0.0,0.0,1.0,1.0,0.0,0.0,1.0
3189984,Lidl,3.0,0,0,15,2,0.0,0.0,0.8333333333333334,0.1111111111111111,0.0,0.0,1.0,2.0,1.0
3195756,Lidl,3.0,0,27,0,0,0.0,0.9,0.0,0.0,0.0,1.0,0.0,1.0,1.0
3200739,Biedronka,5.0,3,5,11,16,0.05357142857142857,0.08928571428571429,0.19642857142857145,0.2857142857142857,4.0,1.0,1.0,3.0,1.0
3202114,Biedronka,4.0,4,5,0,19,0.14285714285714285,0.17857142857142858,0.0,0.6785714285714286,4.0,1.0,0.0,1.0,0.0
3205476,Carrefour,3.0,4,4,0,0,0.5,0.5,0.0,0.0,1.0,1.0,0.0,0.0,0.0
3211338,Lidl,5.0,5,3,1,0,0.38461538461538464,0.2307692307692308,0.07692307692307693,0.0,2.0,1.0,1.0,2.0,1.0
3222185,Lidl,4.0,1,24,0,20,0.02127659574468085,0.5106382978723404,0.0,0.425531914893617,1.0,1.0,0.0,1.0,1.0
3224207,Lidl,2.0,0,0,0,1,0.0,0.0,0.0,0.5,0.0,0.0,0.0,1.0,1.0
3226342,Carrefour,4.0,6,5,1,0,0.5,0.4166666666666667,0.08333333333333333,0.0,3.0,1.0,1.0,0.0,0.0
3230469,Biedronka,3.0,8,0,0,5,0.5714285714285714,0.0,0.0,0.35714285714285715,1.0,0.0,0.0,1.0,1.0
3240788,Carrefour,4.0,0,6,1,2,0.0,0.5,0.08333333333333333,0.16666666666666666,0.0,1.0,1.0,1.0,1.0
3242290,Lidl,2.0,0,0,0,0,0.0,0.0,0.0,0.0,0.0,0.0,0.0,1.0,1.0
3243297,Lidl,4.0,0,0,3,8,0.0,0.0,0.1875,0.5,1.0,0.0,1.0,3.0,1.0
3245748,Carrefour,4.0,1,0,0,9,0.09090909090909093,0.0,0.0,0.8181818181818182,1.0,1.0,0.0,1.0,1.0
3247429,Carrefour,2.0,0,3,0,0,0.0,1.0,0.0,0.0,0.0,1.0,0.0,0.0,0.0
3247797,Kaufland,4.0,1,0,11,2,0.06666666666666668,0.0,0.7333333333333333,0.13333333333333333,1.0,0.0,1.0,3.0,1.0
3252297,Carrefour,3.0,4,5,0,0,0.4444444444444444,0.5555555555555556,0.0,0.0,2.0,1.0,0.0,0.0,0.0
3254072,Carrefour,2.0,0,0,0,0,0.0,0.0,0.0,0.0,0.0,1.0,0.0,0.0,1.0
3277946,Carrefour,3.0,0,0,0,0,0.0,0.0,0.0,0.0,0.0,1.0,0.0,1.0,1.0
3294308,Biedronka,5.0,10,3,3,5,0.43478260869565216,0.13043478260869565,0.13043478260869565,0.21739130434782608,3.0,1.0,1.0,3.0,1.0
3316756,Lidl,3.0,3,0,0,1,0.75,0.0,0.0,0.25,2.0,0.0,0.0,1.0,0.0
3326858,Kaufland,4.0,15,4,3,0,0.6,0.16,0.12,0.0,3.0,1.0,1.0,0.0,1.0
3326934,Biedronka,4.0,3,3,0,1,0.375,0.375,0.0,0.125,1.0,1.0,0.0,1.0,1.0
3339164,Kaufland,3.0,0,0,2,1,0.0,0.0,0.08,0.04,0.0,0.0,1.0,1.0,1.0
3364802,Carrefour,4.0,4,1,0,3,0.4,0.1,0.0,0.3,1.0,1.0,0.0,2.0,1.0
3372412,Lidl,4.0,2,11,0,2,0.125,0.6875,0.0,0.125,2.0,1.0,0.0,1.0,1.0
3376049,Kaufland,4.0,0,4,0,1,0.0,0.5714285714285714,0.0,0.14285714285714285,0.0,1.0,1.0,1.0,1.0
3384823,Lidl,4.0,4,9,0,21,0.11428571428571427,0.2571428571428571,0.0,0.6,1.0,1.0,0.0,4.0,1.0
3395249,Biedronka,2.0,8,0,0,0,0.8,0.0,0.0,0.0,3.0,0.0,0.0,0.0,1.0
3402042,Biedronka,5.0,45,10,0,4,0.7258064516129032,0.16129032258064516,0.0,0.06451612903225806,5.0,1.0,1.0,2.0,1.0
3409244,Lidl,3.0,1,0,0,0,0.5,0.0,0.0,0.0,1.0,0.0,0.0,1.0,1.0
3413694,Carrefour,3.0,2,1,0,0,0.5,0.25,0.0,0.0,1.0,1.0,0.0,0.0,1.0
3420170,Lidl,4.0,2,5,0,6,0.09090909090909093,0.2272727272727273,0.0,0.2727272727272727,1.0,1.0,0.0,1.0,1.0
3424103,Kaufland,3.0,0,1,1,0,0.0,0.2,0.2,0.0,0.0,1.0,1.0,0.0,1.0
3431678,Biedronka,2.0,6,0,0,0,0.75,0.0,0.0,0.0,1.0,0.0,0.0,0.0,1.0
3441903,Carrefour,4.0,0,12,3,0,0.0,0.7058823529411765,0.17647058823529413,0.0,0.0,1.0,1.0,0.0,1.0
3445786,Lidl,4.0,6,9,0,3,0.2857142857142857,0.42857142857142855,0.0,0.14285714285714285,3.0,1.0,0.0,1.0,1.0
3449054,Lidl,2.0,0,0,0,2,0.0,0.0,0.0,0.5,0.0,0.0,0.0,1.0,1.0
3453263,Kaufland,5.0,1,6,6,0,0.06666666666666668,0.4,0.4,0.0,2.0,1.0,1.0,1.0,1.0
3466324,Lidl,5.0,5,64,1,20,0.05154639175257732,0.6597938144329897,0.010309278350515464,0.20618556701030927,1.0,1.0,1.0,2.0,1.0
3470326,Carrefour,5.0,46,8,12,12,0.5476190476190477,0.09523809523809523,0.14285714285714285,0.14285714285714285,8.0,1.0,1.0,2.0,1.0
3481847,Biedronka,3.0,0,1,0,0,0.0,0.5,0.0,0.0,1.0,1.0,0.0,0.0,1.0
3487355,Kaufland,5.0,4,0,11,5,0.16666666666666666,0.0,0.4583333333333333,0.20833333333333331,2.0,0.0,1.0,2.0,1.0
3487800,Lidl,0.0,0,0,0,0,0.0,0.0,0.0,0.0,1.0,0.0,1.0,2.0,0.0
3498148,Carrefour,3.0,0,20,0,22,0.0,0.4166666666666667,0.0,0.4583333333333333,0.0,1.0,0.0,1.0,1.0
3502331,Lidl,4.0,1,4,0,1,0.125,0.5,0.0,0.125,2.0,1.0,0.0,2.0,1.0
3504419,Carrefour,3.0,0,0,0,7,0.0,0.0,0.0,0.7777777777777778,0.0,1.0,0.0,1.0,1.0
3527657,Carrefour,5.0,8,4,0,1,0.5333333333333333,0.26666666666666666,0.0,0.06666666666666668,4.0,1.0,1.0,1.0,1.0
3548075,Kaufland,5.0,10,1,2,1,0.5263157894736842,0.05263157894736842,0.10526315789473684,0.05263157894736842,1.0,1.0,1.0,1.0,1.0
3556944,Lidl,5.0,6,0,6,9,0.2727272727272727,0.0,0.2727272727272727,0.4090909090909091,3.0,1.0,1.0,3.0,1.0
3568953,Carrefour,3.0,0,0,2,0,0.0,0.0,0.6666666666666666,0.0,0.0,1.0,1.0,0.0,1.0
3568973,Biedronka,5.0,12,3,5,5,0.48,0.12,0.2,0.2,2.0,1.0,1.0,1.0,0.0
3573228,Biedronka,5.0,9,3,5,2,0.3461538461538461,0.1153846153846154,0.19230769230769232,0.07692307692307693,4.0,1.0,1.0,2.0,1.0
3575675,Lidl,4.0,11,7,0,19,0.2972972972972973,0.1891891891891892,0.0,0.5135135135135135,2.0,1.0,0.0,1.0,0.0
3586750,Lidl,2.0,0,0,0,3,0.0,0.0,0.0,0.21428571428571427,0.0,0.0,0.0,2.0,1.0
3586942,Carrefour,4.0,0,61,0,4,0.0,0.9104477611940298,0.0,0.059701492537313425,0.0,1.0,0.0,2.0,1.0
3587003,Carrefour,5.0,0,0,0,1,0.0,0.0,0.0,1.0,0.0,1.0,1.0,2.0,0.0
3587581,Biedronka,4.0,1,1,0,2,0.2,0.2,0.0,0.4,1.0,1.0,0.0,2.0,1.0
3610557,Carrefour,3.0,0,3,1,0,0.0,0.6,0.2,0.0,0.0,1.0,1.0,0.0,1.0
3626608,Carrefour,3.0,1,0,0,0,0.5,0.0,0.0,0.0,1.0,1.0,0.0,0.0,1.0
3627241,Lidl,3.0,0,22,0,19,0.0,0.4782608695652174,0.0,0.4130434782608696,0.0,2.0,0.0,1.0,1.0
3638366,Lidl,4.0,0,1,0,2,0.0,0.3333333333333333,0.0,0.6666666666666666,0.0,1.0,0.0,2.0,0.0
3648776,Biedronka,5.0,0,6,7,1,0.0,0.375,0.4375,0.0625,1.0,1.0,1.0,1.0,1.0
3651987,Lidl,2.0,0,0,0,3,0.0,0.0,0.0,1.0,0.0,0.0,0.0,1.0,0.0
3654345,Lidl,4.0,1,3,0,0,0.2,0.6,0.0,0.0,2.0,1.0,0.0,1.0,1.0
3660729,Biedronka,4.0,5,5,0,36,0.07462686567164177,0.07462686567164177,0.0,0.5373134328358209,4.0,1.0,0.0,1.0,1.0
3663791,Biedronka,5.0,43,11,21,32,0.3944954128440367,0.10091743119266056,0.1926605504587156,0.29357798165137616,1.0,1.0,1.0,1.0,1.0
3684888,Carrefour,5.0,3,4,3,1,0.25,0.3333333333333333,0.25,0.08333333333333333,2.0,1.0,1.0,1.0,1.0
3685344,Lidl,5.0,5,1,2,3,0.35714285714285715,0.07142857142857142,0.14285714285714285,0.21428571428571427,1.0,1.0,1.0,2.0,1.0
3687493,Lidl,4.0,1,3,0,10,0.05882352941176471,0.17647058823529413,0.0,0.5882352941176471,1.0,1.0,0.0,1.0,1.0
3694621,Kaufland,4.0,0,1,10,0,0.0,0.09090909090909093,0.9090909090909092,0.0,0.0,1.0,1.0,0.0,0.0
3698297,Kaufland,4.0,0,2,0,6,0.0,0.25,0.0,0.75,0.0,1.0,1.0,1.0,0.0
3703948,Carrefour,4.0,13,23,0,0,0.3333333333333333,0.5897435897435898,0.0,0.0,2.0,1.0,0.0,0.0,1.0
3709389,Biedronka,3.0,10,0,0,0,1.0,0.0,0.0,0.0,1.0,0.0,0.0,0.0,0.0
3735369,Lidl,4.0,3,8,0,5,0.16666666666666666,0.4444444444444444,0.0,0.2777777777777778,1.0,1.0,0.0,1.0,1.0
3738672,Lidl,5.0,6,5,3,18,0.15,0.125,0.075,0.45,3.0,1.0,1.0,3.0,1.0
3741481,Carrefour,5.0,2,0,0,3,0.2857142857142857,0.0,0.0,0.42857142857142855,1.0,1.0,1.0,1.0,1.0
3742843,Carrefour,3.0,0,1,5,0,0.0,0.16666666666666666,0.8333333333333334,0.0,0.0,1.0,1.0,0.0,0.0
3753489,Kaufland,5.0,11,4,0,0,0.6470588235294118,0.2352941176470588,0.0,0.0,1.0,1.0,1.0,0.0,1.0
3769682,Carrefour,2.0,0,0,0,0,0.0,0.0,0.0,0.0,0.0,1.0,0.0,0.0,1.0
3770653,Carrefour,5.0,3,8,2,2,0.1875,0.5,0.125,0.125,3.0,1.0,1.0,1.0,1.0
3772791,Kaufland,4.0,0,24,0,2,0.0,0.8571428571428571,0.0,0.07142857142857142,0.0,1.0,1.0,1.0,1.0
3785489,Lidl,5.0,8,3,23,2,0.1951219512195122,0.07317073170731707,0.5609756097560976,0.04878048780487805,2.0,1.0,1.0,2.0,1.0
3790193,Kaufland,5.0,1,2,0,0,0.25,0.5,0.0,0.0,1.0,1.0,1.0,2.0,1.0
3790593,Lidl,3.0,0,5,0,0,0.0,0.8333333333333334,0.0,0.0,0.0,1.0,0.0,1.0,1.0
3803067,Biedronka,4.0,11,5,0,0,0.6470588235294118,0.29411764705882354,0.0,0.0,4.0,1.0,0.0,0.0,1.0
3835655,Lidl,4.0,111,7,0,2,0.902439024390244,0.05691056910569105,0.0,0.016260162601626018,4.0,2.0,0.0,1.0,1.0
3847487,Carrefour,3.0,0,0,0,1,0.0,0.0,0.0,0.25,0.0,1.0,0.0,1.0,1.0
3863785,Carrefour,2.0,0,0,0,0,0.0,0.0,0.0,0.0,0.0,1.0,0.0,0.0,1.0
3863839,Kaufland,2.0,0,0,5,0,0.0,0.0,0.4166666666666667,0.0,0.0,0.0,1.0,0.0,1.0
3874593,Biedronka,4.0,6,13,3,0,0.24,0.52,0.12,0.0,2.0,1.0,1.0,0.0,1.0
3880451,Carrefour,4.0,1,3,0,1,0.16666666666666666,0.5,0.0,0.16666666666666666,1.0,1.0,0.0,1.0,1.0
3883467,Kaufland,4.0,1,0,0,0,1.0,0.0,0.0,0.0,1.0,0.0,1.0,0.0,0.0
3883583,Carrefour,2.0,0,0,0,0,0.0,0.0,0.0,0.0,0.0,1.0,0.0,0.0,1.0
3890035,Kaufland,4.0,3,0,4,4,0.16666666666666666,0.0,0.2222222222222222,0.2222222222222222,2.0,0.0,1.0,1.0,1.0
3898197,Carrefour,4.0,4,0,0,2,0.5714285714285714,0.0,0.0,0.2857142857142857,1.0,1.0,0.0,1.0,1.0
3903196,Lidl,4.0,1,5,0,24,0.02564102564102564,0.1282051282051282,0.0,0.6153846153846154,1.0,1.0,0.0,1.0,1.0
3903479,Biedronka,3.0,0,0,0,1,0.0,0.0,0.0,0.5,1.0,0.0,0.0,1.0,1.0
3905815,Biedronka,3.0,5,1,0,0,0.8333333333333334,0.16666666666666666,0.0,0.0,2.0,1.0,0.0,0.0,0.0
3908576,Lidl,5.0,5,7,15,5,0.15625,0.21875,0.46875,0.15625,1.0,1.0,1.0,2.0,0.0
3923901,Carrefour,3.0,0,2,0,6,0.0,0.2222222222222222,0.0,0.6666666666666666,0.0,1.0,0.0,2.0,1.0
3949760,Lidl,4.0,8,1,0,3,0.5333333333333333,0.06666666666666668,0.0,0.2,1.0,1.0,0.0,2.0,1.0
3951292,Carrefour,4.0,3,6,0,0,0.3333333333333333,0.6666666666666666,0.0,0.0,2.0,1.0,0.0,0.0,0.0
3977300,Biedronka,5.0,2,8,2,6,0.09090909090909093,0.3636363636363637,0.09090909090909093,0.2727272727272727,3.0,1.0,1.0,3.0,1.0
3978682,Lidl,4.0,0,12,0,2,0.0,0.75,0.0,0.125,1.0,1.0,0.0,2.0,1.0
3982990,Biedronka,4.0,15,1,10,0,0.15789473684210525,0.010526315789473684,0.10526315789473684,0.0,3.0,1.0,1.0,0.0,1.0
3985701,Kaufland,2.0,0,0,0,0,0.0,0.0,0.0,0.0,0.0,0.0,1.0,0.0,1.0
3993746,Carrefour,5.0,10,19,0,5,0.29411764705882354,0.5588235294117647,0.0,0.14705882352941174,3.0,1.0,0.0,2.0,0.0
3996736,Kaufland,5.0,22,4,5,8,0.4888888888888889,0.08888888888888889,0.1111111111111111,0.17777777777777778,5.0,1.0,1.0,2.0,1.0
3997223,Biedronka,3.0,2,4,0,0,0.2857142857142857,0.5714285714285714,0.0,0.0,2.0,1.0,0.0,0.0,1.0
3997412,Biedronka,4.0,2,5,0,13,0.09090909090909093,0.2272727272727273,0.0,0.5909090909090909,1.0,1.0,0.0,2.0,1.0
4009962,Biedronka,3.0,0,2,0,0,0.0,0.6666666666666666,0.0,0.0,1.0,1.0,0.0,0.0,1.0
4024558,Carrefour,5.0,3,25,0,13,0.0625,0.5208333333333334,0.0,0.2708333333333333,1.0,1.0,0.0,1.0,1.0
4045081,Kaufland,3.0,0,2,0,0,0.0,1.0,0.0,0.0,0.0,1.0,1.0,0.0,0.0
4048905,Biedronka,3.0,10,0,0,0,0.8333333333333334,0.0,0.0,0.0,4.0,0.0,0.0,0.0,1.0
4052787,Lidl,3.0,0,1,0,3,0.0,0.25,0.0,0.75,0.0,1.0,0.0,1.0,0.0
4055675,Lidl,4.0,0,0,0,35,0.0,0.0,0.0,1.0,0.0,0.0,0.0,2.0,0.0
4058330,Lidl,5.0,4,4,3,3,0.17391304347826084,0.17391304347826084,0.13043478260869565,0.13043478260869565,4.0,1.0,1.0,2.0,1.0
4065110,Biedronka,2.0,2,0,0,0,0.6666666666666666,0.0,0.0,0.0,1.0,0.0,0.0,0.0,1.0
4065338,Biedronka,4.0,2,0,3,0,0.2857142857142857,0.0,0.42857142857142855,0.0,2.0,0.0,1.0,0.0,1.0
4069270,Kaufland,4.0,2,4,0,0,0.2857142857142857,0.5714285714285714,0.0,0.0,2.0,1.0,1.0,0.0,1.0
4069994,Lidl,5.0,0,21,0,4,0.0,0.75,0.0,0.14285714285714285,0.0,1.0,1.0,1.0,1.0
4071212,Lidl,2.0,0,0,0,0,0.0,0.0,0.0,0.0,0.0,0.0,0.0,1.0,1.0
4075810,Biedronka,4.0,8,5,0,7,0.4,0.25,0.0,0.35,1.0,1.0,0.0,1.0,0.0
4089564,Lidl,3.0,0,1,0,0,0.0,0.125,0.0,0.0,0.0,1.0,0.0,1.0,1.0
4091815,Carrefour,5.0,2,12,0,7,0.09090909090909093,0.5454545454545454,0.0,0.3181818181818182,1.0,1.0,1.0,1.0,1.0
4092057,Lidl,3.0,0,0,5,0,0.0,0.0,0.38461538461538464,0.0,0.0,0.0,1.0,2.0,1.0
4093067,Lidl,4.0,0,4,0,3,0.0,0.2222222222222222,0.0,0.16666666666666666,0.0,1.0,0.0,1.0,1.0
4108594,Biedronka,4.0,1,7,0,7,0.0625,0.4375,0.0,0.4375,2.0,1.0,0.0,2.0,1.0
4124511,Lidl,2.0,0,0,0,1,0.0,0.0,0.0,0.3333333333333333,0.0,0.0,0.0,2.0,1.0
4126331,Lidl,4.0,2,5,0,13,0.08333333333333333,0.20833333333333331,0.0,0.5416666666666666,1.0,1.0,0.0,1.0,1.0
4128820,Carrefour,2.0,0,1,0,0,0.0,0.2,0.0,0.0,0.0,1.0,0.0,0.0,1.0
4130223,Kaufland,4.0,4,3,42,0,0.07017543859649122,0.05263157894736842,0.7368421052631579,0.0,2.0,1.0,1.0,0.0,1.0
4130226,Carrefour,2.0,0,1,0,0,0.0,0.014705882352941175,0.0,0.0,0.0,1.0,0.0,0.0,1.0
4147253,Biedronka,3.0,3,0,0,2,0.3333333333333333,0.0,0.0,0.2222222222222222,1.0,0.0,0.0,1.0,1.0
4159627,Biedronka,5.0,2,4,1,0,0.25,0.5,0.125,0.0,2.0,1.0,1.0,1.0,1.0
4169223,Lidl,3.0,0,1,0,3,0.0,0.25,0.0,0.75,0.0,1.0,0.0,1.0,0.0
4182417,Carrefour,4.0,0,7,2,1,0.0,0.5833333333333334,0.16666666666666666,0.08333333333333333,0.0,1.0,1.0,1.0,1.0
4191776,Lidl,3.0,0,0,0,6,0.0,0.0,0.0,0.8571428571428571,0.0,0.0,0.0,1.0,1.0
4193516,Carrefour,4.0,8,11,3,0,0.3333333333333333,0.4583333333333333,0.125,0.0,2.0,1.0,1.0,0.0,1.0
4197400,Kaufland,4.0,2,2,6,0,0.2,0.2,0.6,0.0,2.0,1.0,1.0,0.0,0.0
4197571,Kaufland,4.0,1,1,0,0,0.5,0.5,0.0,0.0,1.0,1.0,1.0,0.0,0.0
4197858,Kaufland,4.0,6,3,2,0,0.42857142857142855,0.21428571428571427,0.14285714285714285,0.0,2.0,1.0,1.0,0.0,1.0
4207732,Biedronka,2.0,1,0,0,0,1.0,0.0,0.0,0.0,1.0,0.0,0.0,0.0,0.0
4216240,Carrefour,4.0,1,2,3,0,0.14285714285714285,0.2857142857142857,0.42857142857142855,0.0,1.0,1.0,1.0,0.0,1.0
4217863,Lidl,3.0,15,0,0,0,1.0,0.0,0.0,0.0,2.0,0.0,0.0,1.0,0.0
4220519,Biedronka,2.0,2,0,0,0,1.0,0.0,0.0,0.0,1.0,0.0,0.0,0.0,0.0
4221213,Biedronka,2.0,8,0,0,0,0.8888888888888888,0.0,0.0,0.0,1.0,0.0,0.0,0.0,1.0
4222418,Kaufland,3.0,3,0,7,0,0.3,0.0,0.7,0.0,1.0,0.0,1.0,0.0,0.0
4224626,Carrefour,4.0,1,5,3,0,0.05263157894736842,0.2631578947368421,0.15789473684210525,0.0,1.0,1.0,1.0,0.0,1.0
4236547,Lidl,3.0,0,0,2,3,0.0,0.0,0.3333333333333333,0.5,0.0,0.0,1.0,1.0,1.0
4236933,Biedronka,3.0,0,25,0,0,0.0,1.0,0.0,0.0,1.0,1.0,0.0,0.0,0.0
4237568,Kaufland,4.0,13,0,14,6,0.3333333333333333,0.0,0.35897435897435903,0.15384615384615385,1.0,0.0,1.0,1.0,1.0
4244126,Carrefour,4.0,3,1,1,0,0.6,0.2,0.2,0.0,1.0,1.0,1.0,0.0,0.0
4248125,Biedronka,2.0,0,0,0,0,0.0,0.0,0.0,0.0,1.0,0.0,0.0,0.0,1.0
4254595,Carrefour,3.0,0,0,0,0,0.0,0.0,0.0,0.0,0.0,1.0,1.0,0.0,1.0
4258933,Biedronka,4.0,4,11,0,4,0.19047619047619047,0.5238095238095238,0.0,0.19047619047619047,2.0,1.0,0.0,2.0,1.0
4260214,Biedronka,3.0,3,0,0,1,0.75,0.0,0.0,0.25,3.0,0.0,0.0,1.0,0.0
4262451,Carrefour,3.0,0,0,0,3,0.0,0.0,0.0,0.6,0.0,1.0,0.0,1.0,1.0
4271180,Kaufland,4.0,5,0,1,0,0.7142857142857143,0.0,0.14285714285714285,0.0,2.0,0.0,1.0,1.0,1.0
4271798,Lidl,4.0,0,1,0,0,0.0,1.0,0.0,0.0,1.0,1.0,0.0,1.0,0.0
4271899,Biedronka,5.0,5,6,61,3,0.054945054945054944,0.06593406593406594,0.6703296703296703,0.03296703296703297,4.0,1.0,1.0,2.0,1.0
4273606,Carrefour,5.0,0,3,13,7,0.0,0.125,0.5416666666666666,0.2916666666666667,1.0,1.0,1.0,1.0,1.0
4280131,Biedronka,4.0,2,0,3,8,0.1176470588235294,0.0,0.17647058823529413,0.4705882352941176,2.0,0.0,1.0,1.0,1.0
4281570,Lidl,3.0,0,2,0,1,0.0,0.5,0.0,0.25,0.0,1.0,0.0,1.0,1.0
4285588,Lidl,3.0,2,0,0,0,0.5,0.0,0.0,0.0,1.0,0.0,0.0,1.0,1.0
4287448,Lidl,2.0,0,0,0,5,0.0,0.0,0.0,0.7142857142857143,0.0,0.0,0.0,1.0,1.0
4293116,Biedronka,4.0,1,5,0,0,0.14285714285714285,0.7142857142857143,0.0,0.0,3.0,1.0,0.0,0.0,1.0
4296151,Biedronka,3.0,3,0,1,0,0.3333333333333333,0.0,0.1111111111111111,0.0,2.0,0.0,1.0,0.0,1.0
4298719,Kaufland,2.0,0,0,15,0,0.0,0.0,0.9375,0.0,0.0,0.0,1.0,0.0,1.0
4299243,Lidl,5.0,21,0,3,0,0.875,0.0,0.125,0.0,3.0,0.0,1.0,1.0,0.0
4299447,Carrefour,5.0,0,13,1,0,0.0,0.5652173913043478,0.043478260869565216,0.0,1.0,1.0,1.0,1.0,1.0
4299775,Biedronka,5.0,2,5,17,4,0.06666666666666668,0.16666666666666666,0.5666666666666667,0.13333333333333333,2.0,1.0,1.0,1.0,1.0
4326679,Carrefour,2.0,0,6,0,0,0.0,0.75,0.0,0.0,0.0,1.0,0.0,0.0,1.0
4337376,Kaufland,5.0,1,6,14,1,0.029411764705882356,0.17647058823529413,0.4117647058823529,0.029411764705882356,2.0,1.0,1.0,1.0,1.0
4338756,Carrefour,2.0,0,6,0,0,0.0,1.0,0.0,0.0,0.0,1.0,0.0,0.0,0.0
4339014,Carrefour,3.0,0,0,0,0,0.0,0.0,0.0,0.0,0.0,1.0,0.0,0.0,1.0
4347176,Lidl,2.0,0,0,0,2,0.0,0.0,0.0,0.6666666666666666,0.0,0.0,0.0,1.0,1.0
4355518,Carrefour,5.0,10,4,0,6,0.29411764705882354,0.1176470588235294,0.0,0.17647058823529413,6.0,1.0,1.0,2.0,1.0
4360397,Biedronka,4.0,6,6,2,0,0.375,0.375,0.125,0.0,3.0,1.0,1.0,0.0,1.0
4385325,Kaufland,4.0,1,0,0,0,0.25,0.0,0.0,0.0,1.0,0.0,1.0,2.0,1.0
4394906,Biedronka,4.0,4,0,0,3,0.5,0.0,0.0,0.375,2.0,0.0,0.0,1.0,1.0
4418306,Biedronka,4.0,1,2,0,0,0.16666666666666666,0.3333333333333333,0.0,0.0,2.0,1.0,0.0,0.0,1.0
4422473,Biedronka,4.0,0,15,0,15,0.0,0.4166666666666667,0.0,0.4166666666666667,1.0,1.0,0.0,2.0,1.0
4441790,Biedronka,4.0,0,1,0,2,0.0,0.25,0.0,0.5,2.0,1.0,0.0,1.0,1.0
4442456,Biedronka,4.0,13,10,0,3,0.4482758620689655,0.3448275862068966,0.0,0.10344827586206896,2.0,1.0,0.0,1.0,1.0
4446783,Lidl,5.0,14,3,2,7,0.4827586206896552,0.10344827586206896,0.06896551724137931,0.2413793103448276,3.0,1.0,1.0,1.0,1.0
4464325,Carrefour,3.0,7,0,0,0,0.875,0.0,0.0,0.0,2.0,1.0,0.0,0.0,1.0
4470714,Lidl,4.0,3,0,11,1,0.1875,0.0,0.6875,0.0625,1.0,0.0,1.0,1.0,1.0
4480979,Biedronka,4.0,18,6,3,0,0.4615384615384616,0.15384615384615385,0.07692307692307693,0.0,2.0,1.0,1.0,0.0,1.0
4493423,Biedronka,5.0,0,4,8,0,0.0,0.3076923076923077,0.6153846153846154,0.0,3.0,1.0,1.0,1.0,1.0
4505260,Kaufland,5.0,5,5,1,4,0.29411764705882354,0.29411764705882354,0.05882352941176471,0.2352941176470588,3.0,1.0,1.0,3.0,1.0
4540699,Carrefour,3.0,3,1,0,0,0.5,0.16666666666666666,0.0,0.0,1.0,1.0,0.0,0.0,1.0
4543968,Biedronka,3.0,4,4,0,0,0.19047619047619047,0.19047619047619047,0.0,0.0,2.0,1.0,0.0,0.0,1.0
4550847,Lidl,3.0,0,3,0,0,0.0,0.6,0.0,0.0,0.0,1.0,0.0,1.0,1.0
4555171,Lidl,3.0,0,4,0,0,0.0,1.0,0.0,0.0,0.0,1.0,0.0,1.0,0.0
4567043,Lidl,3.0,12,0,0,27,0.3076923076923077,0.0,0.0,0.6923076923076923,3.0,0.0,0.0,3.0,0.0
4573609,Biedronka,4.0,40,2,1,0,0.9090909090909092,0.045454545454545456,0.022727272727272728,0.0,2.0,1.0,1.0,0.0,1.0
4576473,Biedronka,2.0,2,0,0,0,1.0,0.0,0.0,0.0,1.0,0.0,0.0,0.0,0.0
4582616,Biedronka,5.0,10,4,0,0,0.625,0.25,0.0,0.0,3.0,1.0,1.0,1.0,1.0
4585425,Carrefour,3.0,0,0,0,0,0.0,0.0,0.0,0.0,0.0,1.0,0.0,1.0,1.0
4596100,Biedronka,3.0,0,2,0,0,0.0,0.4,0.0,0.0,1.0,1.0,0.0,0.0,1.0
4628873,Biedronka,2.0,2,0,0,0,0.5,0.0,0.0,0.0,1.0,0.0,0.0,0.0,1.0
4633085,Kaufland,4.0,4,0,1,1,0.6666666666666666,0.0,0.16666666666666666,0.16666666666666666,2.0,0.0,1.0,2.0,0.0
4643040,Biedronka,4.0,0,1,0,0,0.0,0.5,0.0,0.0,1.0,1.0,0.0,0.0,1.0
4651963,Carrefour,4.0,1,0,0,0,0.14285714285714285,0.0,0.0,0.0,1.0,1.0,0.0,0.0,1.0
4655688,Lidl,4.0,0,2,0,2,0.0,0.18181818181818185,0.0,0.18181818181818185,1.0,1.0,0.0,1.0,1.0
4657569,Biedronka,2.0,2,0,0,0,0.3333333333333333,0.0,0.0,0.0,3.0,0.0,0.0,0.0,1.0
4668603,Kaufland,3.0,0,0,0,1,0.0,0.0,0.0,0.3333333333333333,0.0,0.0,1.0,1.0,1.0
4670628,Biedronka,2.0,0,0,0,0,0.0,0.0,0.0,0.0,1.0,0.0,0.0,0.0,1.0
4676469,Lidl,4.0,0,3,0,4,0.0,0.3333333333333333,0.0,0.4444444444444444,0.0,1.0,1.0,1.0,1.0
4699414,Biedronka,4.0,1,2,0,3,0.14285714285714285,0.2857142857142857,0.0,0.42857142857142855,2.0,1.0,0.0,2.0,1.0
4705491,Lidl,3.0,0,3,0,0,0.0,0.42857142857142855,0.0,0.0,0.0,1.0,0.0,1.0,1.0
4722425,Kaufland,2.0,0,0,1,0,0.0,0.0,1.0,0.0,0.0,0.0,1.0,0.0,0.0
4723251,Lidl,2.0,0,0,0,3,0.0,0.0,0.0,0.2727272727272727,0.0,0.0,0.0,1.0,1.0
4761281,Lidl,4.0,11,0,12,1,0.3142857142857143,0.0,0.3428571428571429,0.028571428571428567,2.0,0.0,1.0,1.0,1.0
4766837,Carrefour,3.0,0,0,1,0,0.0,0.0,1.0,0.0,0.0,1.0,1.0,0.0,0.0
4791987,Lidl,3.0,0,6,0,5,0.0,0.1935483870967742,0.0,0.16129032258064516,0.0,1.0,0.0,2.0,1.0
4793766,Biedronka,5.0,9,2,4,4,0.4090909090909091,0.09090909090909093,0.18181818181818185,0.18181818181818185,1.0,1.0,1.0,2.0,1.0
4798000,Lidl,3.0,0,0,3,8,0.0,0.0,0.25,0.6666666666666666,0.0,0.0,1.0,1.0,1.0
4803329,Lidl,5.0,7,1,12,6,0.25,0.03571428571428571,0.42857142857142855,0.21428571428571427,2.0,1.0,1.0,2.0,1.0
4839044,Kaufland,0.0,0,0,0,0,0.0,0.0,0.0,0.0,0.0,0.0,1.0,0.0,0.0
4844442,Lidl,2.0,0,0,0,10,0.0,0.0,0.0,0.5263157894736842,0.0,0.0,0.0,2.0,1.0
4849640,Biedronka,4.0,3,2,0,6,0.21428571428571427,0.14285714285714285,0.0,0.42857142857142855,3.0,1.0,0.0,2.0,1.0
4860128,Lidl,2.0,0,0,0,0,0.0,0.0,0.0,0.0,0.0,0.0,0.0,2.0,1.0
4874105,Biedronka,4.0,1,3,0,0,0.14285714285714285,0.42857142857142855,0.0,0.0,2.0,1.0,1.0,0.0,1.0
4882685,Biedronka,0.0,0,0,0,0,0.0,0.0,0.0,0.0,1.0,0.0,1.0,0.0,0.0
4885368,Biedronka,4.0,0,0,1,0,0.0,0.0,0.2,0.0,2.0,1.0,1.0,0.0,1.0
4893002,Carrefour,3.0,0,0,0,0,0.0,0.0,0.0,0.0,0.0,1.0,1.0,0.0,1.0
4897917,Biedronka,4.0,9,0,23,0,0.2647058823529412,0.0,0.6764705882352942,0.0,3.0,0.0,1.0,0.0,1.0
4910360,Lidl,5.0,1,3,2,2,0.1111111111111111,0.3333333333333333,0.2222222222222222,0.2222222222222222,1.0,1.0,1.0,2.0,1.0
4913153,Lidl,3.0,1,0,0,4,0.2,0.0,0.0,0.8,1.0,0.0,0.0,4.0,0.0
4916185,Carrefour,4.0,0,0,21,0,0.0,0.0,0.9545454545454546,0.0,0.0,1.0,1.0,1.0,1.0
4916692,Biedronka,4.0,0,3,21,0,0.0,0.12,0.84,0.0,2.0,1.0,1.0,0.0,1.0
4922654,Carrefour,4.0,1,1,1,0,0.14285714285714285,0.14285714285714285,0.14285714285714285,0.0,1.0,1.0,1.0,0.0,1.0
4944866,Lidl,3.0,2,0,0,1,0.6666666666666666,0.0,0.0,0.3333333333333333,1.0,0.0,0.0,2.0,0.0
4946342,Biedronka,2.0,6,0,0,0,0.6,0.0,0.0,0.0,2.0,0.0,0.0,0.0,1.0
4973392,Kaufland,4.0,0,1,0,2,0.0,0.3333333333333333,0.0,0.6666666666666666,0.0,1.0,1.0,2.0,0.0
4995791,Biedronka,5.0,4,4,1,3,0.2,0.2,0.05,0.15,2.0,1.0,1.0,1.0,1.0
5024667,Lidl,4.0,0,0,1,0,0.0,0.0,0.5,0.0,0.0,1.0,1.0,1.0,1.0
5033622,Carrefour,5.0,27,7,34,7,0.35064935064935066,0.09090909090909093,0.4415584415584416,0.09090909090909093,4.0,1.0,1.0,2.0,1.0
5060781,Lidl,5.0,2,3,3,4,0.14285714285714285,0.21428571428571427,0.21428571428571427,0.2857142857142857,1.0,1.0,1.0,2.0,1.0
5070560,Biedronka,4.0,1,7,1,0,0.09090909090909093,0.6363636363636364,0.09090909090909093,0.0,2.0,1.0,1.0,0.0,1.0
5081509,Biedronka,5.0,39,16,21,63,0.26,0.10666666666666667,0.14,0.42,3.0,1.0,1.0,1.0,1.0
5086168,Biedronka,3.0,0,0,0,3,0.0,0.0,0.0,0.6,1.0,0.0,0.0,1.0,1.0
5087350,Biedronka,4.0,0,52,0,5,0.0,0.8965517241379308,0.0,0.08620689655172414,1.0,1.0,0.0,2.0,1.0
5088419,Lidl,3.0,0,2,0,0,0.0,0.6666666666666666,0.0,0.0,0.0,1.0,0.0,1.0,1.0
5091276,Biedronka,5.0,2,3,9,6,0.09523809523809523,0.14285714285714285,0.42857142857142855,0.2857142857142857,1.0,1.0,1.0,2.0,1.0
5091539,Lidl,4.0,1,1,0,2,0.25,0.25,0.0,0.5,1.0,1.0,0.0,1.0,0.0
5092464,Kaufland,3.0,0,5,0,0,0.0,1.0,0.0,0.0,0.0,1.0,1.0,0.0,0.0
5095456,Lidl,4.0,0,4,0,13,0.0,0.14814814814814814,0.0,0.4814814814814815,0.0,1.0,1.0,1.0,1.0
5102705,Kaufland,4.0,1,0,6,0,0.14285714285714285,0.0,0.8571428571428571,0.0,1.0,0.0,1.0,0.0,0.0
5108018,Carrefour,5.0,52,9,18,0,0.65,0.1125,0.225,0.0,6.0,1.0,1.0,0.0,1.0
5111566,Carrefour,3.0,7,9,0,0,0.4375,0.5625,0.0,0.0,2.0,1.0,0.0,0.0,0.0
5112808,Kaufland,4.0,0,1,0,25,0.0,0.03333333333333333,0.0,0.8333333333333334,0.0,1.0,1.0,2.0,1.0
5114772,Lidl,5.0,77,0,40,3,0.6062992125984252,0.0,0.31496062992125984,0.023622047244094488,4.0,1.0,1.0,1.0,1.0
5119976,Carrefour,5.0,0,0,0,2,0.0,0.0,0.0,0.6666666666666666,1.0,1.0,0.0,1.0,1.0
5120491,Biedronka,2.0,2,0,0,0,1.0,0.0,0.0,0.0,3.0,0.0,0.0,0.0,0.0
5120787,Biedronka,3.0,0,0,0,1,0.0,0.0,0.0,0.5,1.0,0.0,0.0,1.0,1.0
5129319,Lidl,3.0,0,15,0,0,0.0,0.9375,0.0,0.0,0.0,1.0,0.0,1.0,1.0
5133912,Biedronka,3.0,4,0,0,0,0.8,0.0,0.0,0.0,4.0,1.0,0.0,0.0,1.0
5152179,Carrefour,3.0,0,19,0,3,0.0,0.76,0.0,0.12,0.0,1.0,0.0,2.0,1.0
5175110,Carrefour,3.0,4,1,0,0,0.6666666666666666,0.16666666666666666,0.0,0.0,2.0,1.0,0.0,0.0,1.0
5198389,Carrefour,4.0,3,0,0,8,0.2727272727272727,0.0,0.0,0.7272727272727273,2.0,1.0,0.0,1.0,0.0
5205593,Lidl,4.0,1,6,0,9,0.05882352941176471,0.35294117647058826,0.0,0.5294117647058824,2.0,1.0,0.0,1.0,1.0
5233973,Carrefour,5.0,11,4,3,0,0.3793103448275862,0.13793103448275862,0.10344827586206896,0.0,4.0,1.0,1.0,2.0,1.0
5238466,Biedronka,4.0,15,1,0,1,0.4411764705882353,0.029411764705882356,0.0,0.029411764705882356,1.0,1.0,0.0,1.0,1.0
5241189,Biedronka,2.0,2,0,0,0,1.0,0.0,0.0,0.0,1.0,0.0,0.0,0.0,0.0
5242609,Biedronka,5.0,0,0,0,7,0.0,0.0,0.0,0.875,1.0,0.0,1.0,1.0,1.0
5247577,Carrefour,5.0,2,5,2,4,0.14285714285714285,0.35714285714285715,0.14285714285714285,0.2857142857142857,2.0,1.0,1.0,2.0,1.0
5252798,Biedronka,5.0,0,5,0,1,0.0,0.4545454545454545,0.0,0.09090909090909093,2.0,1.0,1.0,1.0,1.0
5255430,Biedronka,4.0,3,7,4,0,0.2,0.4666666666666667,0.26666666666666666,0.0,1.0,1.0,1.0,0.0,1.0
5258670,Biedronka,5.0,9,5,10,3,0.3,0.16666666666666666,0.3333333333333333,0.1,1.0,1.0,1.0,1.0,1.0
5274645,Kaufland,2.0,0,0,2,0,0.0,0.0,0.18181818181818185,0.0,0.0,0.0,1.0,0.0,1.0
5284599,Lidl,4.0,17,0,0,0,1.0,0.0,0.0,0.0,3.0,0.0,0.0,1.0,0.0
5310529,Biedronka,3.0,4,1,0,0,0.8,0.2,0.0,0.0,1.0,1.0,0.0,0.0,0.0
5315063,Lidl,3.0,2,0,0,5,0.25,0.0,0.0,0.625,2.0,0.0,0.0,1.0,1.0
5318503,Kaufland,2.0,0,0,9,0,0.0,0.0,0.9,0.0,0.0,0.0,1.0,0.0,1.0
5320645,Biedronka,5.0,3,1,0,8,0.17647058823529413,0.05882352941176471,0.0,0.4705882352941176,1.0,1.0,0.0,2.0,1.0
5324134,Kaufland,5.0,4,16,19,13,0.07142857142857142,0.2857142857142857,0.3392857142857143,0.23214285714285715,2.0,1.0,1.0,2.0,1.0
5330936,Lidl,3.0,0,1,0,9,0.0,0.08333333333333333,0.0,0.75,0.0,1.0,0.0,1.0,1.0
5335822,Carrefour,3.0,0,0,2,0,0.0,0.0,1.0,0.0,0.0,1.0,1.0,0.0,0.0
5343385,Biedronka,4.0,36,19,0,2,0.5901639344262295,0.3114754098360656,0.0,0.032786885245901634,3.0,1.0,0.0,1.0,1.0
5344027,Carrefour,5.0,2,4,9,1,0.1176470588235294,0.2352941176470588,0.5294117647058824,0.05882352941176471,1.0,1.0,1.0,1.0,1.0
5360252,Carrefour,3.0,1,0,0,0,0.5,0.0,0.0,0.0,1.0,1.0,0.0,0.0,1.0
5374359,Lidl,2.0,0,0,0,3,0.0,0.0,0.0,0.75,0.0,0.0,0.0,1.0,1.0
5381096,Kaufland,4.0,1,9,3,0,0.0625,0.5625,0.1875,0.0,2.0,1.0,1.0,0.0,1.0
5399430,Carrefour,4.0,3,6,3,0,0.2307692307692308,0.4615384615384616,0.2307692307692308,0.0,1.0,1.0,1.0,0.0,1.0
5399944,Kaufland,4.0,15,0,0,3,0.7894736842105263,0.0,0.0,0.15789473684210525,2.0,0.0,1.0,1.0,1.0
5401740,Biedronka,4.0,9,0,58,19,0.0989010989010989,0.0,0.6373626373626373,0.2087912087912088,3.0,0.0,1.0,3.0,1.0
5402335,Biedronka,3.0,4,0,0,0,0.6666666666666666,0.0,0.0,0.0,1.0,0.0,0.0,0.0,1.0
5428233,Carrefour,5.0,4,5,8,4,0.15384615384615385,0.19230769230769232,0.3076923076923077,0.15384615384615385,2.0,1.0,1.0,1.0,1.0
5430094,Carrefour,2.0,0,0,0,0,0.0,0.0,0.0,0.0,0.0,1.0,0.0,0.0,1.0
5439133,Carrefour,4.0,6,0,0,1,0.8571428571428571,0.0,0.0,0.14285714285714285,3.0,1.0,0.0,1.0,0.0
5453151,Biedronka,4.0,10,16,5,0,0.30303030303030304,0.4848484848484849,0.15151515151515152,0.0,1.0,1.0,1.0,0.0,1.0
5461049,Biedronka,5.0,6,5,74,6,0.061224489795918366,0.051020408163265314,0.7551020408163265,0.061224489795918366,4.0,1.0,1.0,2.0,1.0
5470704,Biedronka,4.0,1,1,1,0,0.16666666666666666,0.16666666666666666,0.16666666666666666,0.0,1.0,1.0,1.0,0.0,1.0
5473839,Lidl,4.0,0,2,0,6,0.0,0.2222222222222222,0.0,0.6666666666666666,0.0,1.0,0.0,2.0,1.0
5474681,Lidl,5.0,1,13,3,13,0.027027027027027032,0.35135135135135137,0.08108108108108109,0.35135135135135137,1.0,1.0,1.0,1.0,1.0
5475384,Biedronka,3.0,1,1,0,0,0.5,0.5,0.0,0.0,1.0,1.0,0.0,0.0,0.0
5479796,Kaufland,4.0,0,11,10,3,0.0,0.44,0.4,0.12,0.0,1.0,1.0,1.0,1.0
5500218,Lidl,2.0,0,0,0,2,0.0,0.0,0.0,0.6666666666666666,0.0,0.0,0.0,2.0,1.0
5501904,Biedronka,4.0,0,0,10,1,0.0,0.0,0.9090909090909092,0.09090909090909093,1.0,0.0,1.0,1.0,0.0
5508020,Carrefour,3.0,1,0,0,0,0.5,0.0,0.0,0.0,1.0,1.0,0.0,0.0,1.0
5536428,Carrefour,3.0,0,0,0,3,0.0,0.0,0.0,0.6,0.0,1.0,0.0,2.0,1.0
5550430,Biedronka,0.0,0,0,0,0,0.0,0.0,0.0,0.0,2.0,0.0,0.0,0.0,0.0
5553319,Biedronka,3.0,12,0,0,0,0.9230769230769232,0.0,0.0,0.0,2.0,0.0,0.0,0.0,1.0
5554356,Biedronka,5.0,0,0,2,3,0.0,0.0,0.4,0.6,1.0,1.0,1.0,2.0,0.0
5555112,Carrefour,5.0,19,4,7,0,0.4418604651162791,0.09302325581395347,0.16279069767441862,0.0,1.0,1.0,1.0,1.0,1.0
5557940,Biedronka,4.0,4,13,0,0,0.2222222222222222,0.7222222222222222,0.0,0.0,3.0,1.0,1.0,0.0,1.0
5559119,Carrefour,2.0,0,0,0,0,0.0,0.0,0.0,0.0,0.0,1.0,0.0,0.0,1.0
5564589,Lidl,3.0,0,0,0,29,0.0,0.0,0.0,0.90625,0.0,0.0,0.0,3.0,1.0
5596120,Carrefour,2.0,0,1,0,0,0.0,1.0,0.0,0.0,0.0,2.0,0.0,0.0,0.0
5597355,Lidl,5.0,8,1,37,13,0.13333333333333333,0.016666666666666666,0.6166666666666667,0.21666666666666667,3.0,1.0,1.0,3.0,1.0
5607794,Kaufland,5.0,1,3,0,4,0.08333333333333333,0.25,0.0,0.3333333333333333,1.0,1.0,1.0,1.0,1.0
5612883,Biedronka,4.0,3,22,0,3,0.1,0.7333333333333333,0.0,0.1,2.0,1.0,0.0,1.0,1.0
5615560,Lidl,4.0,8,0,1,3,0.5,0.0,0.0625,0.1875,1.0,0.0,1.0,2.0,1.0
5622421,Kaufland,5.0,0,7,38,1,0.0,0.1320754716981132,0.7169811320754716,0.018867924528301886,0.0,1.0,1.0,1.0,1.0
5634237,Biedronka,3.0,9,0,0,0,0.75,0.0,0.0,0.0,3.0,0.0,0.0,1.0,1.0
5644913,Kaufland,4.0,0,0,15,3,0.0,0.0,0.5769230769230769,0.1153846153846154,0.0,0.0,1.0,2.0,1.0
5650902,Lidl,5.0,18,7,8,0,0.5142857142857142,0.2,0.22857142857142854,0.0,4.0,1.0,1.0,2.0,1.0
5667280,Lidl,2.0,0,0,0,2,0.0,0.0,0.0,0.6666666666666666,0.0,0.0,0.0,1.0,1.0
5686651,Kaufland,4.0,0,1,0,0,0.0,0.2,0.0,0.0,0.0,1.0,1.0,1.0,1.0
5689113,Lidl,4.0,2,15,0,11,0.07142857142857142,0.5357142857142857,0.0,0.3928571428571429,1.0,1.0,0.0,2.0,0.0
5695681,Carrefour,2.0,0,2,0,0,0.0,1.0,0.0,0.0,0.0,1.0,0.0,0.0,0.0
5699452,Carrefour,2.0,0,3,0,0,0.0,0.75,0.0,0.0,0.0,1.0,0.0,0.0,1.0
5710329,Kaufland,4.0,0,3,0,0,0.0,0.6,0.0,0.0,0.0,1.0,1.0,1.0,1.0
5726525,Lidl,4.0,1,1,0,2,0.16666666666666666,0.16666666666666666,0.0,0.3333333333333333,1.0,1.0,0.0,1.0,1.0
5762356,Biedronka,4.0,4,12,0,7,0.17391304347826084,0.5217391304347826,0.0,0.3043478260869565,3.0,1.0,0.0,2.0,0.0
5784920,Kaufland,3.0,0,2,8,0,0.0,0.16666666666666666,0.6666666666666666,0.0,0.0,1.0,1.0,0.0,1.0
5796174,Kaufland,4.0,0,2,2,2,0.0,0.2857142857142857,0.2857142857142857,0.2857142857142857,0.0,1.0,1.0,1.0,1.0
5797824,Kaufland,4.0,4,1,0,0,0.8,0.2,0.0,0.0,3.0,1.0,1.0,0.0,0.0
5822414,Biedronka,4.0,2,2,3,0,0.2222222222222222,0.2222222222222222,0.3333333333333333,0.0,2.0,1.0,1.0,0.0,1.0
5835575,Carrefour,5.0,4,0,6,3,0.2222222222222222,0.0,0.3333333333333333,0.16666666666666666,3.0,1.0,1.0,1.0,1.0
5843161,Biedronka,5.0,1,3,18,12,0.029411764705882356,0.08823529411764706,0.5294117647058824,0.35294117647058826,2.0,1.0,1.0,1.0,0.0
5846333,Lidl,5.0,10,11,12,46,0.0970873786407767,0.10679611650485436,0.11650485436893206,0.4466019417475728,1.0,1.0,1.0,3.0,1.0
5881352,Kaufland,3.0,0,0,0,7,0.0,0.0,0.0,0.875,0.0,0.0,1.0,1.0,1.0
5887762,Lidl,4.0,2,2,0,0,0.15384615384615385,0.15384615384615385,0.0,0.0,1.0,1.0,0.0,1.0,1.0
5896679,Carrefour,5.0,0,3,2,3,0.0,0.2307692307692308,0.15384615384615385,0.2307692307692308,0.0,1.0,1.0,2.0,1.0
5916053,Biedronka,2.0,0,0,0,0,0.0,0.0,0.0,0.0,1.0,0.0,0.0,0.0,1.0
5924718,Kaufland,4.0,31,0,0,2,0.8378378378378378,0.0,0.0,0.054054054054054064,5.0,0.0,1.0,1.0,1.0
5931953,Lidl,4.0,15,0,0,2,0.8823529411764706,0.0,0.0,0.1176470588235294,1.0,0.0,0.0,1.0,0.0
5948219,Biedronka,4.0,0,0,2,0,0.0,0.0,0.5,0.0,1.0,0.0,1.0,2.0,1.0
5968680,Biedronka,3.0,1,0,1,0,0.07692307692307693,0.0,0.07692307692307693,0.0,2.0,0.0,1.0,0.0,1.0
5974310,Kaufland,4.0,5,0,3,2,0.4166666666666667,0.0,0.25,0.16666666666666666,3.0,0.0,1.0,1.0,1.0
5980052,Biedronka,4.0,2,0,0,1,0.2857142857142857,0.0,0.0,0.14285714285714285,2.0,1.0,0.0,1.0,1.0
5982873,Lidl,3.0,0,0,0,1,0.0,0.0,0.0,0.5,0.0,0.0,0.0,2.0,1.0
5986726,Lidl,3.0,0,0,0,4,0.0,0.0,0.0,0.8,0.0,1.0,0.0,1.0,1.0
5988991,Lidl,3.0,0,0,54,0,0.0,0.0,0.9818181818181818,0.0,0.0,0.0,1.0,1.0,1.0
6009424,Kaufland,4.0,2,0,17,1,0.09523809523809523,0.0,0.8095238095238095,0.047619047619047616,2.0,0.0,1.0,1.0,1.0
6012683,Lidl,5.0,2,2,1,11,0.1176470588235294,0.1176470588235294,0.05882352941176471,0.6470588235294118,2.0,1.0,1.0,2.0,1.0
6031736,Lidl,4.0,0,2,23,1,0.0,0.06896551724137931,0.7931034482758621,0.03448275862068965,0.0,1.0,1.0,1.0,1.0
6032923,Lidl,3.0,0,2,0,0,0.0,1.0,0.0,0.0,0.0,1.0,0.0,1.0,0.0
6046225,Biedronka,4.0,1,0,0,3,0.25,0.0,0.0,0.75,2.0,0.0,1.0,2.0,0.0
6049127,Biedronka,3.0,0,0,0,0,0.0,0.0,0.0,0.0,2.0,0.0,1.0,0.0,1.0
6052154,Biedronka,4.0,0,0,0,0,0.0,0.0,0.0,0.0,1.0,1.0,0.0,1.0,1.0
6072083,Biedronka,3.0,4,4,0,0,0.4444444444444444,0.4444444444444444,0.0,0.0,1.0,1.0,0.0,0.0,1.0
6101088,Lidl,4.0,13,3,0,0,0.7647058823529411,0.17647058823529413,0.0,0.0,2.0,1.0,0.0,1.0,1.0
6122659,Biedronka,4.0,17,5,1,0,0.6538461538461539,0.19230769230769232,0.038461538461538464,0.0,2.0,1.0,1.0,0.0,1.0
6124886,Biedronka,3.0,8,0,0,2,0.5714285714285714,0.0,0.0,0.14285714285714285,4.0,0.0,0.0,2.0,1.0
6127528,Carrefour,5.0,3,3,0,4,0.2727272727272727,0.2727272727272727,0.0,0.3636363636363637,1.0,1.0,0.0,1.0,1.0
6139612,Lidl,4.0,0,0,0,0,0.0,0.0,0.0,0.0,1.0,0.0,1.0,2.0,1.0
6149747,Kaufland,3.0,1,0,0,0,0.3333333333333333,0.0,0.0,0.0,1.0,0.0,1.0,0.0,1.0
6172639,Lidl,5.0,0,16,6,37,0.0,0.25,0.09375,0.578125,1.0,1.0,1.0,1.0,1.0
6177718,Kaufland,4.0,0,10,7,9,0.0,0.3448275862068966,0.2413793103448276,0.3103448275862069,0.0,1.0,1.0,2.0,1.0
6182867,Kaufland,2.0,0,0,1,0,0.0,0.0,0.5,0.0,0.0,0.0,1.0,0.0,1.0
6186169,Lidl,3.0,0,4,0,0,0.0,0.6666666666666666,0.0,0.0,0.0,1.0,0.0,1.0,1.0
6202734,Biedronka,4.0,1,0,5,1,0.14285714285714285,0.0,0.7142857142857143,0.14285714285714285,1.0,0.0,1.0,1.0,0.0
6202889,Lidl,4.0,1,3,0,0,0.14285714285714285,0.42857142857142855,0.0,0.0,1.0,1.0,0.0,1.0,1.0
6205776,Carrefour,4.0,2,18,0,20,0.04651162790697674,0.4186046511627907,0.0,0.4651162790697674,2.0,1.0,0.0,1.0,1.0
6225598,Kaufland,4.0,0,4,0,12,0.0,0.13793103448275862,0.0,0.4137931034482759,0.0,1.0,1.0,2.0,1.0
6228072,Kaufland,4.0,1,3,0,0,0.25,0.75,0.0,0.0,1.0,1.0,1.0,0.0,0.0
6239502,Carrefour,4.0,1,1,0,2,0.16666666666666666,0.16666666666666666,0.0,0.3333333333333333,1.0,1.0,0.0,1.0,1.0
6249478,Carrefour,3.0,0,0,2,0,0.0,0.0,0.5,0.0,0.0,1.0,1.0,0.0,1.0
6278934,Lidl,4.0,2,11,0,0,0.14285714285714285,0.7857142857142857,0.0,0.0,2.0,1.0,0.0,1.0,1.0
6282842,Carrefour,2.0,0,4,0,0,0.0,0.8,0.0,0.0,0.0,1.0,0.0,0.0,1.0
6289288,Biedronka,4.0,1,10,0,2,0.07142857142857142,0.7142857142857143,0.0,0.14285714285714285,1.0,1.0,0.0,2.0,1.0
6300596,Lidl,2.0,0,0,0,0,0.0,0.0,0.0,0.0,0.0,0.0,0.0,1.0,1.0
6302062,Carrefour,4.0,1,6,0,0,0.125,0.75,0.0,0.0,1.0,1.0,0.0,1.0,1.0
6302162,Carrefour,5.0,1,0,2,0,0.25,0.0,0.5,0.0,2.0,1.0,1.0,0.0,1.0
6350736,Biedronka,3.0,1,1,0,0,0.5,0.5,0.0,0.0,1.0,1.0,0.0,0.0,0.0
6352106,Lidl,2.0,0,0,0,8,0.0,0.0,0.0,0.6153846153846154,0.0,0.0,0.0,1.0,1.0
6367437,Biedronka,3.0,1,0,6,0,0.1,0.0,0.6,0.0,2.0,0.0,1.0,0.0,1.0
6384431,Kaufland,5.0,10,1,5,8,0.38461538461538464,0.038461538461538464,0.19230769230769232,0.3076923076923077,3.0,1.0,1.0,2.0,1.0
6393822,Biedronka,5.0,2,2,0,4,0.18181818181818185,0.18181818181818185,0.0,0.3636363636363637,1.0,1.0,1.0,2.0,1.0
6397507,Biedronka,2.0,1,0,0,0,0.3333333333333333,0.0,0.0,0.0,1.0,0.0,0.0,0.0,1.0
6404346,Kaufland,3.0,0,0,75,8,0.0,0.0,0.6355932203389829,0.06779661016949153,0.0,0.0,1.0,1.0,1.0
6406639,Carrefour,4.0,3,1,0,0,0.5,0.16666666666666666,0.0,0.0,2.0,1.0,0.0,1.0,1.0
6427055,Kaufland,3.0,0,3,0,0,0.0,0.75,0.0,0.0,0.0,1.0,1.0,0.0,1.0
6434195,Carrefour,2.0,0,8,0,0,0.0,0.7272727272727273,0.0,0.0,0.0,1.0,0.0,0.0,1.0
6443662,Carrefour,5.0,21,42,55,3,0.14482758620689656,0.2896551724137931,0.3793103448275862,0.020689655172413796,2.0,1.0,1.0,2.0,1.0
6444328,Biedronka,4.0,4,4,0,4,0.2857142857142857,0.2857142857142857,0.0,0.2857142857142857,4.0,1.0,0.0,1.0,1.0
6446446,Kaufland,3.0,3,0,0,0,0.75,0.0,0.0,0.0,1.0,0.0,1.0,0.0,1.0
6447136,Biedronka,4.0,1,5,3,0,0.08333333333333333,0.4166666666666667,0.25,0.0,2.0,1.0,1.0,0.0,1.0
6461813,Carrefour,2.0,0,0,0,0,0.0,0.0,0.0,0.0,0.0,1.0,0.0,0.0,1.0
6472793,Carrefour,5.0,22,2,2,5,0.6285714285714286,0.057142857142857134,0.057142857142857134,0.14285714285714285,2.0,1.0,1.0,1.0,1.0
6507523,Biedronka,3.0,7,0,0,3,0.5,0.0,0.0,0.21428571428571427,1.0,0.0,0.0,1.0,1.0
6510166,Carrefour,4.0,10,60,0,6,0.12048192771084335,0.7228915662650602,0.0,0.07228915662650602,2.0,1.0,0.0,2.0,1.0
6519888,Lidl,2.0,0,0,0,13,0.0,0.0,0.0,0.7647058823529411,0.0,0.0,0.0,1.0,1.0
6537829,Biedronka,4.0,11,13,0,2,0.3793103448275862,0.4482758620689655,0.0,0.06896551724137931,1.0,1.0,0.0,1.0,1.0
6541941,Carrefour,4.0,14,2,2,0,0.5384615384615384,0.07692307692307693,0.07692307692307693,0.0,1.0,1.0,1.0,0.0,1.0
6549028,Biedronka,2.0,5,0,0,0,0.8333333333333334,0.0,0.0,0.0,1.0,0.0,0.0,0.0,1.0
6551019,Lidl,2.0,0,0,0,0,0.0,0.0,0.0,0.0,0.0,0.0,0.0,1.0,1.0
6565270,Biedronka,5.0,5,1,3,1,0.35714285714285715,0.07142857142857142,0.21428571428571427,0.07142857142857142,2.0,1.0,1.0,1.0,1.0
6570473,Biedronka,4.0,5,1,5,0,0.2777777777777778,0.05555555555555555,0.2777777777777778,0.0,1.0,1.0,1.0,0.0,1.0
6574119,Biedronka,3.0,2,3,0,0,0.4,0.6,0.0,0.0,1.0,1.0,0.0,0.0,0.0
6580523,Biedronka,4.0,4,1,1,0,0.5714285714285714,0.14285714285714285,0.14285714285714285,0.0,1.0,1.0,1.0,0.0,1.0
6583439,Carrefour,4.0,0,0,0,7,0.0,0.0,0.0,0.7777777777777778,0.0,1.0,1.0,2.0,1.0
6608588,Biedronka,3.0,1,0,0,2,0.16666666666666666,0.0,0.0,0.3333333333333333,1.0,0.0,0.0,2.0,1.0
6609688,Biedronka,4.0,5,0,1,3,0.4545454545454545,0.0,0.09090909090909093,0.2727272727272727,1.0,0.0,1.0,1.0,1.0
6624750,Biedronka,4.0,1,3,0,3,0.14285714285714285,0.42857142857142855,0.0,0.42857142857142855,1.0,1.0,0.0,1.0,0.0
